timeStamp,elapsed,label,responseCode,responseMessage,threadName,dataType,success,failureMessage,bytes,sentBytes,grpThreads,allThreads,URL,Latency,IdleTime,Connect
1754149004914,720,Petición 1,401,Unauthorized,Thread Group 1-1,text,false,"Test failed: code expected to equal /

****** received  : [[[401]]]

****** comparison: [[[200]]]

/",775,237,15,15,https://fakestoreapi.com/auth/login,720,0,173
1754149004956,684,Petición 2,200,OK,Thread Group 1-2,text,true,,888,237,15,15,https://fakestoreapi.com/auth/login,684,0,142
1754149005009,728,Petición 3,200,OK,Thread Group 1-3,text,true,,900,243,17,17,https://fakestoreapi.com/auth/login,728,0,145
1754149005062,700,Petición 4,200,OK,Thread Group 1-4,text,true,,889,237,18,18,https://fakestoreapi.com/auth/login,700,0,151
1754149005105,710,Petición 5,200,OK,Thread Group 1-5,text,true,,893,238,19,19,https://fakestoreapi.com/auth/login,710,0,145
1754149005354,465,Petición 10,200,OK,Thread Group 1-10,text,true,,891,237,19,19,https://fakestoreapi.com/auth/login,464,0,171
1754149005155,706,Petición 6,200,OK,Thread Group 1-6,text,true,,889,239,20,20,https://fakestoreapi.com/auth/login,706,0,147
1754149005208,721,Petición 7,401,Unauthorized,Thread Group 1-7,text,false,"Test failed: code expected to equal /

****** received  : [[[401]]]

****** comparison: [[[200]]]

/",780,237,21,21,https://fakestoreapi.com/auth/login,721,0,172
1754149005254,688,Petición 8,200,OK,Thread Group 1-8,text,true,,886,237,21,21,https://fakestoreapi.com/auth/login,688,0,138
1754149005667,291,Petición 16,200,OK,Thread Group 1-1,text,true,,893,237,22,22,https://fakestoreapi.com/auth/login,291,0,0
1754149005706,289,Petición 17,200,OK,Thread Group 1-2,text,true,,893,238,22,22,https://fakestoreapi.com/auth/login,289,0,0
1754149005306,731,Petición 9,200,OK,Thread Group 1-9,text,true,,894,243,23,23,https://fakestoreapi.com/auth/login,731,0,155
1754149005405,709,Petición 11,200,OK,Thread Group 1-11,text,true,,891,238,25,25,https://fakestoreapi.com/auth/login,709,0,141
1754149005458,685,Petición 12,200,OK,Thread Group 1-12,text,true,,891,239,25,25,https://fakestoreapi.com/auth/login,685,0,140
1754149005705,438,Petición 19,401,Unauthorized,Thread Group 1-17,text,false,"Test failed: code expected to equal /

****** received  : [[[401]]]

****** comparison: [[[200]]]

/",774,237,25,25,https://fakestoreapi.com/auth/login,438,0,144
1754149005859,301,Petición 20,200,OK,Thread Group 1-3,text,true,,886,237,26,26,https://fakestoreapi.com/auth/login,301,0,0
1754149005756,441,Petición 21,200,OK,Thread Group 1-18,text,true,,890,243,26,26,https://fakestoreapi.com/auth/login,441,0,147
1754149005506,717,Petición 13,401,Unauthorized,Thread Group 1-13,text,false,"Test failed: code expected to equal /

****** received  : [[[401]]]

****** comparison: [[[200]]]

/",780,237,27,27,https://fakestoreapi.com/auth/login,717,0,142
1754149005964,288,Petición 22,200,OK,Thread Group 1-4,text,true,,887,237,27,27,https://fakestoreapi.com/auth/login,288,0,0
1754149005555,713,Petición 14,200,OK,Thread Group 1-14,text,true,,894,237,28,28,https://fakestoreapi.com/auth/login,713,0,145
1754149005604,692,Petición 15,200,OK,Thread Group 1-15,text,true,,900,243,28,28,https://fakestoreapi.com/auth/login,692,0,141
1754149006055,302,Petición 24,200,OK,Thread Group 1-5,text,true,,895,239,30,30,https://fakestoreapi.com/auth/login,302,0,0
1754149005654,714,Petición 18,200,OK,Thread Group 1-16,text,true,,893,239,30,30,https://fakestoreapi.com/auth/login,714,0,141
1754149006156,295,Petición 27,200,OK,Thread Group 1-6,text,true,,892,243,31,31,https://fakestoreapi.com/auth/login,295,0,0
1754149005807,704,Petición 23,200,OK,Thread Group 1-19,text,true,,893,238,33,33,https://fakestoreapi.com/auth/login,704,0,140
1754149006258,299,Petición 29,200,OK,Thread Group 1-7,text,true,,893,238,34,34,https://fakestoreapi.com/auth/login,299,0,0
1754149005854,710,Petición 26,200,OK,Thread Group 1-20,text,true,,890,237,34,34,https://fakestoreapi.com/auth/login,710,0,140
1754149006304,284,Petición 30,200,OK,Thread Group 1-8,text,true,,891,239,34,34,https://fakestoreapi.com/auth/login,284,0,0
1754149006304,300,Petición 25,401,Unauthorized,Thread Group 1-10,text,false,"Test failed: code expected to equal /

****** received  : [[[401]]]

****** comparison: [[[200]]]

/",776,237,34,34,https://fakestoreapi.com/auth/login,300,0,0
1754149005905,742,Petición 28,200,OK,Thread Group 1-21,text,true,,893,237,35,35,https://fakestoreapi.com/auth/login,742,0,145
1754149005954,712,Petición 31,401,Unauthorized,Thread Group 1-22,text,false,"Test failed: code expected to equal /

****** received  : [[[401]]]

****** comparison: [[[200]]]

/",774,237,36,36,https://fakestoreapi.com/auth/login,712,0,141
1754149006254,441,Petición 47,200,OK,Thread Group 1-28,text,true,,889,238,36,36,https://fakestoreapi.com/auth/login,441,0,140
1754149006004,717,Petición 34,200,OK,Thread Group 1-23,text,true,,887,237,37,37,https://fakestoreapi.com/auth/login,717,0,145
1754149006054,697,Petición 36,200,OK,Thread Group 1-24,text,true,,887,239,37,37,https://fakestoreapi.com/auth/login,697,0,146
1754149006457,301,Petición 35,200,OK,Thread Group 1-9,text,true,,885,238,38,38,https://fakestoreapi.com/auth/login,301,0,0
1754149006104,694,Petición 37,401,Unauthorized,Thread Group 1-25,text,false,"Test failed: code expected to equal /

****** received  : [[[401]]]

****** comparison: [[[200]]]

/",774,237,38,38,https://fakestoreapi.com/auth/login,694,0,147
1754149006154,686,Petición 41,200,OK,Thread Group 1-26,text,true,,891,238,39,39,https://fakestoreapi.com/auth/login,686,0,142
1754149006428,430,Petición 54,200,OK,Thread Group 1-31,text,true,,899,239,40,40,https://fakestoreapi.com/auth/login,430,0,141
1754149006204,721,Petición 44,200,OK,Thread Group 1-27,text,true,,888,237,41,41,https://fakestoreapi.com/auth/login,721,0,148
1754149006656,297,Petición 38,200,OK,Thread Group 1-11,text,true,,890,237,42,42,https://fakestoreapi.com/auth/login,297,0,0
1754149006502,451,Petición 57,200,OK,Thread Group 1-33,text,true,,892,243,42,42,https://fakestoreapi.com/auth/login,451,0,149
1754149006553,440,Petición 59,200,OK,Thread Group 1-34,text,true,,887,238,42,42,https://fakestoreapi.com/auth/login,439,0,143
1754149006709,296,Petición 40,200,OK,Thread Group 1-12,text,true,,889,237,43,43,https://fakestoreapi.com/auth/login,296,0,0
1754149006303,724,Petición 50,200,OK,Thread Group 1-29,text,true,,890,237,43,43,https://fakestoreapi.com/auth/login,724,0,151
1754149006355,689,Petición 51,200,OK,Thread Group 1-30,text,true,,894,243,43,43,https://fakestoreapi.com/auth/login,689,0,144
1754149006765,292,Petición 32,200,OK,Thread Group 1-1,text,true,,892,237,44,44,https://fakestoreapi.com/auth/login,291,0,0
1754149006659,441,Petición 66,200,OK,Thread Group 1-36,text,true,,893,239,44,44,https://fakestoreapi.com/auth/login,441,0,142
1754149006807,293,Petición 33,200,OK,Thread Group 1-2,text,true,,894,243,44,44,https://fakestoreapi.com/auth/login,293,0,0
1754149006704,441,Petición 69,200,OK,Thread Group 1-37,text,true,,898,243,45,45,https://fakestoreapi.com/auth/login,441,0,140
1754149006454,691,Petición 56,200,OK,Thread Group 1-32,text,true,,888,237,45,45,https://fakestoreapi.com/auth/login,691,0,138
1754149006856,303,Petición 45,200,OK,Thread Group 1-13,text,true,,894,243,46,46,https://fakestoreapi.com/auth/login,303,0,0
1754149006954,296,Petición 39,200,OK,Thread Group 1-17,text,true,,896,243,47,47,https://fakestoreapi.com/auth/login,296,0,0
1754149006808,442,Petición 75,200,OK,Thread Group 1-39,text,true,,892,243,47,47,https://fakestoreapi.com/auth/login,442,0,149
1754149006953,301,Petición 48,200,OK,Thread Group 1-14,text,true,,891,239,48,48,https://fakestoreapi.com/auth/login,301,0,0
1754149007005,299,Petición 49,401,Unauthorized,Thread Group 1-15,text,false,"Test failed: code expected to equal /

****** received  : [[[401]]]

****** comparison: [[[200]]]

/",772,237,49,49,https://fakestoreapi.com/auth/login,299,0,0
1754149006606,726,Petición 64,200,OK,Thread Group 1-35,text,true,,887,237,49,49,https://fakestoreapi.com/auth/login,726,0,148
1754149006903,440,Petición 79,401,Unauthorized,Thread Group 1-41,text,false,"Test failed: code expected to equal /

****** received  : [[[401]]]

****** comparison: [[[200]]]

/",776,237,49,49,https://fakestoreapi.com/auth/login,440,0,140
1754149007056,292,Petición 43,401,Unauthorized,Thread Group 1-18,text,false,"Test failed: code expected to equal /

****** received  : [[[401]]]

****** comparison: [[[200]]]

/",782,237,49,49,https://fakestoreapi.com/auth/login,292,0,0
1754149006954,438,Petición 81,200,OK,Thread Group 1-42,text,true,,888,243,50,50,https://fakestoreapi.com/auth/login,437,0,141
1754149007154,298,Petición 53,200,OK,Thread Group 1-16,text,true,,891,238,51,51,https://fakestoreapi.com/auth/login,298,0,0
1754149007158,298,Petición 42,200,OK,Thread Group 1-3,text,true,,905,239,52,52,https://fakestoreapi.com/auth/login,298,0,0
1754149006755,707,Petición 72,200,OK,Thread Group 1-38,text,true,,896,239,52,52,https://fakestoreapi.com/auth/login,707,0,140
1754149007103,437,Petición 93,200,OK,Thread Group 1-45,text,true,,894,243,53,53,https://fakestoreapi.com/auth/login,437,0,142
1754149006853,695,Petición 77,200,OK,Thread Group 1-40,text,true,,885,238,53,53,https://fakestoreapi.com/auth/login,695,0,152
1754149007154,437,Petición 96,200,OK,Thread Group 1-46,text,true,,891,239,54,54,https://fakestoreapi.com/auth/login,437,0,145
1754149007313,297,Petición 46,200,OK,Thread Group 1-4,text,true,,885,237,55,55,https://fakestoreapi.com/auth/login,297,0,0
1754149007204,445,Petición 98,200,OK,Thread Group 1-47,text,true,,888,237,55,55,https://fakestoreapi.com/auth/login,445,0,147
1754149007006,694,Petición 85,401,Unauthorized,Thread Group 1-43,text,false,"Test failed: code expected to equal /

****** received  : [[[401]]]

****** comparison: [[[200]]]

/",784,237,56,56,https://fakestoreapi.com/auth/login,694,0,146
1754149007305,448,Petición 103,401,Unauthorized,Thread Group 1-49,text,false,"Test failed: code expected to equal /

****** received  : [[[401]]]

****** comparison: [[[200]]]

/",774,237,58,58,https://fakestoreapi.com/auth/login,448,0,143
1754149007459,294,Petición 58,200,OK,Thread Group 1-19,text,true,,895,237,58,58,https://fakestoreapi.com/auth/login,294,0,0
1754149007053,718,Petición 89,200,OK,Thread Group 1-44,text,true,,889,238,58,58,https://fakestoreapi.com/auth/login,718,0,147
1754149007353,447,Petición 108,200,OK,Thread Group 1-50,text,true,,889,239,58,58,https://fakestoreapi.com/auth/login,447,0,142
1754149007555,295,Petición 52,200,OK,Thread Group 1-5,text,true,,889,237,59,59,https://fakestoreapi.com/auth/login,295,0,0
1754149007554,305,Petición 61,401,Unauthorized,Thread Group 1-20,text,false,"Test failed: code expected to equal /

****** received  : [[[401]]]

****** comparison: [[[200]]]

/",774,237,60,60,https://fakestoreapi.com/auth/login,305,0,0
1754149007406,458,Petición 110,200,OK,Thread Group 1-51,text,true,,892,237,60,60,https://fakestoreapi.com/auth/login,458,0,159
1754149007456,439,Petición 112,200,OK,Thread Group 1-52,text,true,,889,237,60,60,https://fakestoreapi.com/auth/login,439,0,141
1754149007507,437,Petición 115,401,Unauthorized,Thread Group 1-53,text,false,"Test failed: code expected to equal /

****** received  : [[[401]]]

****** comparison: [[[200]]]

/",774,237,61,61,https://fakestoreapi.com/auth/login,437,0,146
1754149007656,303,Petición 65,200,OK,Thread Group 1-21,text,true,,889,238,62,62,https://fakestoreapi.com/auth/login,303,0,0
1754149007253,726,Petición 101,200,OK,Thread Group 1-48,text,true,,889,238,62,62,https://fakestoreapi.com/auth/login,726,0,156
1754149007608,441,Petición 120,200,OK,Thread Group 1-55,text,true,,897,239,63,63,https://fakestoreapi.com/auth/login,441,0,144
1754149007755,295,Petición 55,401,Unauthorized,Thread Group 1-6,text,false,"Test failed: code expected to equal /

****** received  : [[[401]]]

****** comparison: [[[200]]]

/",784,237,63,63,https://fakestoreapi.com/auth/login,295,0,0
1754149007756,299,Petición 67,401,Unauthorized,Thread Group 1-22,text,false,"Test failed: code expected to equal /

****** received  : [[[401]]]

****** comparison: [[[200]]]

/",776,237,64,64,https://fakestoreapi.com/auth/login,299,0,0
1754149007705,451,Petición 125,200,OK,Thread Group 1-57,text,true,,887,238,66,66,https://fakestoreapi.com/auth/login,451,0,143
1754149007855,301,Petición 70,200,OK,Thread Group 1-23,text,true,,889,237,66,66,https://fakestoreapi.com/auth/login,301,0,0
1754149007904,292,Petición 71,200,OK,Thread Group 1-24,text,true,,893,238,66,66,https://fakestoreapi.com/auth/login,292,0,0
1754149007958,305,Petición 60,200,OK,Thread Group 1-7,text,true,,893,239,68,68,https://fakestoreapi.com/auth/login,305,0,0
1754149007554,709,Petición 118,200,OK,Thread Group 1-54,text,true,,889,237,68,68,https://fakestoreapi.com/auth/login,709,0,150
1754149008004,292,Petición 62,200,OK,Thread Group 1-8,text,true,,892,237,68,68,https://fakestoreapi.com/auth/login,292,0,0
1754149008004,292,Petición 74,200,OK,Thread Group 1-25,text,true,,886,237,68,68,https://fakestoreapi.com/auth/login,292,0,0
1754149007857,447,Petición 133,401,Unauthorized,Thread Group 1-60,text,false,"Test failed: code expected to equal /

****** received  : [[[401]]]

****** comparison: [[[200]]]

/",774,237,69,69,https://fakestoreapi.com/auth/login,447,0,145
1754149007655,688,Petición 123,200,OK,Thread Group 1-56,text,true,,892,243,69,69,https://fakestoreapi.com/auth/login,688,0,142
1754149008055,288,Petición 63,200,OK,Thread Group 1-10,text,true,,890,243,69,69,https://fakestoreapi.com/auth/login,288,0,0
1754149008055,293,Petición 68,200,OK,Thread Group 1-28,text,true,,888,237,69,69,https://fakestoreapi.com/auth/login,293,0,0
1754149007906,450,Petición 137,200,OK,Thread Group 1-61,text,true,,885,238,70,70,https://fakestoreapi.com/auth/login,450,0,149
1754149008104,294,Petición 76,200,OK,Thread Group 1-26,text,true,,893,237,70,70,https://fakestoreapi.com/auth/login,294,0,0
1754149007957,453,Petición 139,401,Unauthorized,Thread Group 1-62,text,false,"Test failed: code expected to equal /

****** received  : [[[401]]]

****** comparison: [[[200]]]

/",778,237,71,71,https://fakestoreapi.com/auth/login,453,0,156
1754149007755,700,Petición 126,200,OK,Thread Group 1-58,text,true,,893,239,72,72,https://fakestoreapi.com/auth/login,700,0,153
1754149008005,453,Petición 142,200,OK,Thread Group 1-63,text,true,,889,237,72,72,https://fakestoreapi.com/auth/login,453,0,156
1754149007805,692,Petición 131,200,OK,Thread Group 1-59,text,true,,889,238,72,72,https://fakestoreapi.com/auth/login,692,0,142
1754149008252,299,Petición 80,200,OK,Thread Group 1-27,text,true,,888,237,74,74,https://fakestoreapi.com/auth/login,299,0,0
1754149008154,438,Petición 148,200,OK,Thread Group 1-66,text,true,,893,237,74,74,https://fakestoreapi.com/auth/login,438,0,146
1754149008357,303,Petición 73,401,Unauthorized,Thread Group 1-9,text,false,"Test failed: code expected to equal /

****** received  : [[[401]]]

****** comparison: [[[200]]]

/",782,237,76,76,https://fakestoreapi.com/auth/login,303,0,0
1754149008255,438,Petición 153,200,OK,Thread Group 1-68,text,true,,890,243,76,76,https://fakestoreapi.com/auth/login,438,0,139
1754149008429,294,Petición 78,200,OK,Thread Group 1-31,text,true,,891,239,77,77,https://fakestoreapi.com/auth/login,294,0,0
1754149008302,443,Petición 158,200,OK,Thread Group 1-69,text,true,,886,237,77,77,https://fakestoreapi.com/auth/login,443,0,145
1754149008057,692,Petición 145,401,Unauthorized,Thread Group 1-64,text,false,"Test failed: code expected to equal /

****** received  : [[[401]]]

****** comparison: [[[200]]]

/",774,237,77,77,https://fakestoreapi.com/auth/login,692,0,145
1754149008453,302,Petición 87,200,OK,Thread Group 1-29,text,true,,888,243,78,78,https://fakestoreapi.com/auth/login,302,0,0
1754149008357,447,Petición 163,401,Unauthorized,Thread Group 1-70,text,false,"Test failed: code expected to equal /

****** received  : [[[401]]]

****** comparison: [[[200]]]

/",776,237,78,78,https://fakestoreapi.com/auth/login,446,0,143
1754149008504,302,Petición 88,200,OK,Thread Group 1-30,text,true,,893,237,79,79,https://fakestoreapi.com/auth/login,302,0,0
1754149008106,723,Petición 147,200,OK,Thread Group 1-65,text,true,,892,243,79,79,https://fakestoreapi.com/auth/login,723,0,147
1754149008603,304,Petición 83,200,OK,Thread Group 1-33,text,true,,889,238,81,81,https://fakestoreapi.com/auth/login,304,0,0
1754149008502,440,Petición 172,200,OK,Thread Group 1-73,text,true,,885,237,81,81,https://fakestoreapi.com/auth/login,440,0,140
1754149008205,737,Petición 152,200,OK,Thread Group 1-67,text,true,,888,237,81,81,https://fakestoreapi.com/auth/login,737,0,154
1754149008653,311,Petición 84,200,OK,Thread Group 1-34,text,true,,893,239,82,82,https://fakestoreapi.com/auth/login,311,0,0
1754149008553,434,Petición 173,200,OK,Thread Group 1-74,text,true,,891,238,82,82,https://fakestoreapi.com/auth/login,434,0,143
1754149008702,293,Petición 95,200,OK,Thread Group 1-32,text,true,,883,238,82,82,https://fakestoreapi.com/auth/login,293,0,0
1754149008755,302,Petición 82,200,OK,Thread Group 1-11,text,true,,893,237,84,84,https://fakestoreapi.com/auth/login,302,0,0
1754149008405,718,Petición 166,200,OK,Thread Group 1-71,text,true,,885,237,85,85,https://fakestoreapi.com/auth/login,718,0,146
1754149008454,684,Petición 168,200,OK,Thread Group 1-72,text,true,,901,239,85,85,https://fakestoreapi.com/auth/login,684,0,140
1754149008858,290,Petición 91,401,Unauthorized,Thread Group 1-36,text,false,"Test failed: code expected to equal /

****** received  : [[[401]]]

****** comparison: [[[200]]]

/",774,237,85,85,https://fakestoreapi.com/auth/login,290,0,0
1754149008859,302,Petición 86,200,OK,Thread Group 1-12,text,true,,886,237,86,86,https://fakestoreapi.com/auth/login,302,0,0
1754149008704,457,Petición 180,200,OK,Thread Group 1-77,text,true,,891,239,86,86,https://fakestoreapi.com/auth/login,457,0,156
1754149008754,465,Petición 184,200,OK,Thread Group 1-78,text,true,,887,237,87,87,https://fakestoreapi.com/auth/login,465,0,158
1754149008964,290,Petición 90,200,OK,Thread Group 1-1,text,true,,893,239,88,88,https://fakestoreapi.com/auth/login,290,0,0
1754149008954,305,Petición 94,200,OK,Thread Group 1-37,text,true,,893,237,88,88,https://fakestoreapi.com/auth/login,305,0,0
1754149009006,290,Petición 92,200,OK,Thread Group 1-2,text,true,,890,237,88,88,https://fakestoreapi.com/auth/login,290,0,0
1754149008603,697,Petición 176,200,OK,Thread Group 1-75,text,true,,888,237,88,88,https://fakestoreapi.com/auth/login,697,0,146
1754149008857,466,Petición 190,200,OK,Thread Group 1-80,text,true,,883,237,89,89,https://fakestoreapi.com/auth/login,466,0,166
1754149008905,452,Petición 191,200,OK,Thread Group 1-81,text,true,,891,238,90,90,https://fakestoreapi.com/auth/login,452,0,149
1754149009056,303,Petición 105,200,OK,Thread Group 1-35,text,true,,894,243,90,90,https://fakestoreapi.com/auth/login,303,0,0
1754149008653,726,Petición 177,200,OK,Thread Group 1-76,text,true,,892,243,90,90,https://fakestoreapi.com/auth/login,726,0,156
1754149009158,287,Petición 100,200,OK,Thread Group 1-39,text,true,,891,237,91,91,https://fakestoreapi.com/auth/login,287,0,0
1754149009156,305,Petición 97,401,Unauthorized,Thread Group 1-13,text,false,"Test failed: code expected to equal /

****** received  : [[[401]]]

****** comparison: [[[200]]]

/",776,237,92,92,https://fakestoreapi.com/auth/login,305,0,0
1754149009004,473,Petición 199,401,Unauthorized,Thread Group 1-83,text,false,"Test failed: code expected to equal /

****** received  : [[[401]]]

****** comparison: [[[200]]]

/",772,237,92,92,https://fakestoreapi.com/auth/login,473,0,161
1754149009054,469,Petición 200,200,OK,Thread Group 1-84,text,true,,890,237,93,93,https://fakestoreapi.com/auth/login,469,0,155
1754149008807,716,Petición 187,401,Unauthorized,Thread Group 1-79,text,false,"Test failed: code expected to equal /

****** received  : [[[401]]]

****** comparison: [[[200]]]

/",778,237,93,93,https://fakestoreapi.com/auth/login,716,0,164
1754149009104,434,Petición 202,200,OK,Thread Group 1-85,text,true,,895,237,93,93,https://fakestoreapi.com/auth/login,434,0,139
1754149009306,295,Petición 99,200,OK,Thread Group 1-17,text,true,,896,243,94,94,https://fakestoreapi.com/auth/login,295,0,0
1754149009161,453,Petición 206,200,OK,Thread Group 1-86,text,true,,898,237,95,95,https://fakestoreapi.com/auth/login,453,0,148
1754149009203,442,Petición 209,200,OK,Thread Group 1-87,text,true,,887,238,95,95,https://fakestoreapi.com/auth/login,442,0,147
1754149009354,297,Petición 106,200,OK,Thread Group 1-41,text,true,,891,237,95,95,https://fakestoreapi.com/auth/login,297,0,0
1754149009354,299,Petición 102,200,OK,Thread Group 1-14,text,true,,895,239,95,95,https://fakestoreapi.com/auth/login,299,0,0
1754149009356,299,Petición 114,200,OK,Thread Group 1-38,text,true,,897,239,96,96,https://fakestoreapi.com/auth/login,299,0,0
1754149008955,735,Petición 195,200,OK,Thread Group 1-82,text,true,,902,243,96,96,https://fakestoreapi.com/auth/login,735,0,151
1754149009254,472,Petición 211,401,Unauthorized,Thread Group 1-88,text,false,"Test failed: code expected to equal /

****** received  : [[[401]]]

****** comparison: [[[200]]]

/",774,237,97,97,https://fakestoreapi.com/auth/login,472,0,162
1754149009303,439,Petición 216,200,OK,Thread Group 1-89,text,true,,899,239,97,97,https://fakestoreapi.com/auth/login,439,0,145
1754149009453,291,Petición 104,200,OK,Thread Group 1-15,text,true,,896,237,97,97,https://fakestoreapi.com/auth/login,291,0,0
1754149009453,298,Petición 109,401,Unauthorized,Thread Group 1-42,text,false,"Test failed: code expected to equal /

****** received  : [[[401]]]

****** comparison: [[[200]]]

/",774,237,97,97,https://fakestoreapi.com/auth/login,298,0,0
1754149009503,286,Petición 117,200,OK,Thread Group 1-40,text,true,,896,243,98,98,https://fakestoreapi.com/auth/login,286,0,0
1754149009506,296,Petición 107,200,OK,Thread Group 1-18,text,true,,887,238,98,98,https://fakestoreapi.com/auth/login,296,0,0
1754149009353,453,Petición 218,200,OK,Thread Group 1-90,text,true,,886,237,99,99,https://fakestoreapi.com/auth/login,453,0,159
1754149009402,473,Petición 222,200,OK,Thread Group 1-91,text,true,,891,239,100,100,https://fakestoreapi.com/auth/login,473,0,155
1754149009453,443,Petición 224,200,OK,Thread Group 1-92,text,true,,886,237,100,100,https://fakestoreapi.com/auth/login,442,0,152
1754149009502,456,Petición 227,200,OK,Thread Group 1-93,text,true,,891,238,100,100,https://fakestoreapi.com/auth/login,456,0,158
1754149009707,301,Petición 111,200,OK,Thread Group 1-16,text,true,,900,243,100,100,https://fakestoreapi.com/auth/login,301,0,0
1754149009553,455,Petición 231,200,OK,Thread Group 1-94,text,true,,894,243,100,100,https://fakestoreapi.com/auth/login,455,0,145
1754149009754,288,Petición 116,200,OK,Thread Group 1-45,text,true,,890,237,100,100,https://fakestoreapi.com/auth/login,288,0,0
1754149009602,440,Petición 233,200,OK,Thread Group 1-95,text,true,,891,238,100,100,https://fakestoreapi.com/auth/login,440,0,143
1754149009805,291,Petición 124,200,OK,Thread Group 1-43,text,true,,887,237,100,100,https://fakestoreapi.com/auth/login,291,0,0
1754149009759,337,Petición 113,200,OK,Thread Group 1-3,text,true,,887,238,100,100,https://fakestoreapi.com/auth/login,337,0,0
1754149009654,446,Petición 238,200,OK,Thread Group 1-96,text,true,,887,237,100,100,https://fakestoreapi.com/auth/login,446,0,152
1754149009853,294,Petición 119,200,OK,Thread Group 1-46,text,true,,893,238,100,100,https://fakestoreapi.com/auth/login,293,0,0
1754149009753,445,Petición 246,200,OK,Thread Group 1-98,text,true,,893,239,100,100,https://fakestoreapi.com/auth/login,445,0,144
1754149009804,441,Petición 248,200,OK,Thread Group 1-99,text,true,,888,237,100,100,https://fakestoreapi.com/auth/login,441,0,147
1754149009955,300,Petición 122,200,OK,Thread Group 1-47,text,true,,898,237,100,100,https://fakestoreapi.com/auth/login,300,0,0
1754149009952,303,Petición 129,200,OK,Thread Group 1-44,text,true,,892,243,100,100,https://fakestoreapi.com/auth/login,303,0,0
1754149009855,455,Petición 251,200,OK,Thread Group 1-100,text,true,,891,238,100,100,https://fakestoreapi.com/auth/login,455,0,158
1754149010063,291,Petición 121,401,Unauthorized,Thread Group 1-4,text,false,"Test failed: code expected to equal /

****** received  : [[[401]]]

****** comparison: [[[200]]]

/",774,237,100,100,https://fakestoreapi.com/auth/login,291,0,0
1754149009708,745,Petición 241,401,Unauthorized,Thread Group 1-97,text,false,"Test failed: code expected to equal /

****** received  : [[[401]]]

****** comparison: [[[200]]]

/",772,237,100,100,https://fakestoreapi.com/auth/login,745,0,172
1754149010204,298,Petición 127,401,Unauthorized,Thread Group 1-49,text,false,"Test failed: code expected to equal /

****** received  : [[[401]]]

****** comparison: [[[200]]]

/",778,237,100,100,https://fakestoreapi.com/auth/login,298,0,0
1754149010253,299,Petición 130,200,OK,Thread Group 1-50,text,true,,891,237,100,100,https://fakestoreapi.com/auth/login,299,0,0
1754149010356,296,Petición 128,200,OK,Thread Group 1-19,text,true,,894,237,100,100,https://fakestoreapi.com/auth/login,296,0,0
1754149010354,303,Petición 141,200,OK,Thread Group 1-48,text,true,,900,243,100,100,https://fakestoreapi.com/auth/login,303,0,0
1754149010407,290,Petición 135,200,OK,Thread Group 1-51,text,true,,900,243,100,100,https://fakestoreapi.com/auth/login,290,0,0
1754149010459,298,Petición 136,200,OK,Thread Group 1-52,text,true,,889,237,100,100,https://fakestoreapi.com/auth/login,298,0,0
1754149010505,292,Petición 132,200,OK,Thread Group 1-5,text,true,,893,239,100,100,https://fakestoreapi.com/auth/login,292,0,0
1754149010557,289,Petición 138,200,OK,Thread Group 1-53,text,true,,895,239,100,100,https://fakestoreapi.com/auth/login,289,0,0
1754149010555,296,Petición 134,200,OK,Thread Group 1-20,text,true,,894,237,100,100,https://fakestoreapi.com/auth/login,296,0,0
1754149010755,292,Petición 143,200,OK,Thread Group 1-55,text,true,,887,238,100,100,https://fakestoreapi.com/auth/login,292,0,0
1754149010755,307,Petición 140,200,OK,Thread Group 1-21,text,true,,886,237,100,100,https://fakestoreapi.com/auth/login,307,0,0
1754149010906,294,Petición 144,200,OK,Thread Group 1-6,text,true,,897,239,100,100,https://fakestoreapi.com/auth/login,294,0,0
1754149010953,296,Petición 154,200,OK,Thread Group 1-54,text,true,,887,238,100,100,https://fakestoreapi.com/auth/login,296,0,0
1754149010955,294,Petición 146,200,OK,Thread Group 1-22,text,true,,896,237,100,100,https://fakestoreapi.com/auth/login,294,0,0
1754149011004,298,Petición 149,200,OK,Thread Group 1-57,text,true,,891,238,100,100,https://fakestoreapi.com/auth/login,298,0,0
1754149011105,294,Petición 160,200,OK,Thread Group 1-56,text,true,,889,237,100,100,https://fakestoreapi.com/auth/login,294,0,0
1754149011155,298,Petición 150,200,OK,Thread Group 1-23,text,true,,895,239,100,100,https://fakestoreapi.com/auth/login,298,0,0
1754149011204,294,Petición 151,401,Unauthorized,Thread Group 1-24,text,false,"Test failed: code expected to equal /

****** received  : [[[401]]]

****** comparison: [[[200]]]

/",780,237,100,100,https://fakestoreapi.com/auth/login,294,0,0
1754149011307,301,Petición 159,200,OK,Thread Group 1-60,text,true,,900,243,100,100,https://fakestoreapi.com/auth/login,301,0,0
1754149011355,287,Petición 169,401,Unauthorized,Thread Group 1-58,text,false,"Test failed: code expected to equal /

****** received  : [[[401]]]

****** comparison: [[[200]]]

/",778,237,100,100,https://fakestoreapi.com/auth/login,287,0,0
1754149011358,300,Petición 155,200,OK,Thread Group 1-7,text,true,,889,237,100,100,https://fakestoreapi.com/auth/login,300,0,0
1754149011404,289,Petición 171,200,OK,Thread Group 1-59,text,true,,896,243,100,100,https://fakestoreapi.com/auth/login,289,0,0
1754149011404,289,Petición 157,401,Unauthorized,Thread Group 1-25,text,false,"Test failed: code expected to equal /

****** received  : [[[401]]]

****** comparison: [[[200]]]

/",780,237,100,100,https://fakestoreapi.com/auth/login,289,0,0
1754149011404,295,Petición 156,200,OK,Thread Group 1-8,text,true,,893,239,100,100,https://fakestoreapi.com/auth/login,295,0,0
1754149011408,300,Petición 164,200,OK,Thread Group 1-61,text,true,,892,237,100,100,https://fakestoreapi.com/auth/login,300,0,0
1754149011505,292,Petición 161,200,OK,Thread Group 1-10,text,true,,889,238,100,100,https://fakestoreapi.com/auth/login,292,0,0
1754149011505,296,Petición 162,200,OK,Thread Group 1-28,text,true,,889,239,100,100,https://fakestoreapi.com/auth/login,296,0,0
1754149011509,296,Petición 167,200,OK,Thread Group 1-62,text,true,,887,238,100,100,https://fakestoreapi.com/auth/login,296,0,0
1754149011604,288,Petición 165,200,OK,Thread Group 1-26,text,true,,894,243,100,100,https://fakestoreapi.com/auth/login,288,0,0
1754149011605,293,Petición 170,200,OK,Thread Group 1-63,text,true,,898,237,100,100,https://fakestoreapi.com/auth/login,293,0,0
1754149011855,290,Petición 175,401,Unauthorized,Thread Group 1-66,text,false,"Test failed: code expected to equal /

****** received  : [[[401]]]

****** comparison: [[[200]]]

/",776,237,100,100,https://fakestoreapi.com/auth/login,290,0,0
1754149011908,298,Petición 183,200,OK,Thread Group 1-64,text,true,,894,243,100,100,https://fakestoreapi.com/auth/login,298,0,0
1754149011953,304,Petición 174,200,OK,Thread Group 1-27,text,true,,897,239,100,100,https://fakestoreapi.com/auth/login,304,0,0
1754149012055,285,Petición 179,200,OK,Thread Group 1-68,text,true,,885,238,100,100,https://fakestoreapi.com/auth/login,285,0,0
1754149012056,304,Petición 189,200,OK,Thread Group 1-65,text,true,,894,243,100,100,https://fakestoreapi.com/auth/login,304,0,0
1754149012153,300,Petición 182,200,OK,Thread Group 1-69,text,true,,890,237,100,100,https://fakestoreapi.com/auth/login,300,0,0
1754149012157,298,Petición 178,200,OK,Thread Group 1-9,text,true,,891,237,100,100,https://fakestoreapi.com/auth/login,298,0,0
1754149012255,296,Petición 193,401,Unauthorized,Thread Group 1-67,text,false,"Test failed: code expected to equal /

****** received  : [[[401]]]

****** comparison: [[[200]]]

/",782,237,100,100,https://fakestoreapi.com/auth/login,296,0,0
1754149012255,296,Petición 186,200,OK,Thread Group 1-70,text,true,,893,239,100,100,https://fakestoreapi.com/auth/login,296,0,0
1754149012278,288,Petición 181,401,Unauthorized,Thread Group 1-31,text,false,"Test failed: code expected to equal /

****** received  : [[[401]]]

****** comparison: [[[200]]]

/",776,237,100,100,https://fakestoreapi.com/auth/login,288,0,0
1754149012354,306,Petición 185,200,OK,Thread Group 1-29,text,true,,893,238,100,100,https://fakestoreapi.com/auth/login,305,0,0
1754149012453,293,Petición 188,200,OK,Thread Group 1-30,text,true,,890,237,100,100,https://fakestoreapi.com/auth/login,293,0,0
1754149012553,298,Petición 194,200,OK,Thread Group 1-73,text,true,,898,237,100,100,https://fakestoreapi.com/auth/login,298,0,0
1754149012652,285,Petición 197,200,OK,Thread Group 1-74,text,true,,887,238,100,100,https://fakestoreapi.com/auth/login,285,0,0
1754149012654,295,Petición 203,200,OK,Thread Group 1-71,text,true,,887,238,100,100,https://fakestoreapi.com/auth/login,295,0,0
1754149012651,298,Petición 192,200,OK,Thread Group 1-33,text,true,,895,239,100,100,https://fakestoreapi.com/auth/login,298,0,0
1754149012707,288,Petición 204,200,OK,Thread Group 1-72,text,true,,893,239,100,100,https://fakestoreapi.com/auth/login,288,0,0
1754149012754,304,Petición 196,200,OK,Thread Group 1-34,text,true,,895,237,100,100,https://fakestoreapi.com/auth/login,304,0,0
1754149012802,294,Petición 198,200,OK,Thread Group 1-32,text,true,,895,239,100,100,https://fakestoreapi.com/auth/login,294,0,0
1754149012955,295,Petición 201,200,OK,Thread Group 1-11,text,true,,888,243,100,100,https://fakestoreapi.com/auth/login,295,0,0
1754149013005,286,Petición 215,200,OK,Thread Group 1-75,text,true,,889,238,100,100,https://fakestoreapi.com/auth/login,286,0,0
1754149013004,306,Petición 208,200,OK,Thread Group 1-77,text,true,,893,237,100,100,https://fakestoreapi.com/auth/login,306,0,0
1754149013105,301,Petición 210,200,OK,Thread Group 1-78,text,true,,893,239,100,100,https://fakestoreapi.com/auth/login,301,0,0
1754149013108,298,Petición 205,401,Unauthorized,Thread Group 1-36,text,false,"Test failed: code expected to equal /

****** received  : [[[401]]]

****** comparison: [[[200]]]

/",774,237,100,100,https://fakestoreapi.com/auth/login,298,0,0
1754149013158,292,Petición 207,200,OK,Thread Group 1-12,text,true,,894,243,100,100,https://fakestoreapi.com/auth/login,292,0,0
1754149013154,300,Petición 221,200,OK,Thread Group 1-76,text,true,,887,238,100,100,https://fakestoreapi.com/auth/login,300,0,0
1754149013308,301,Petición 217,401,Unauthorized,Thread Group 1-80,text,false,"Test failed: code expected to equal /

****** received  : [[[401]]]

****** comparison: [[[200]]]

/",772,237,100,100,https://fakestoreapi.com/auth/login,301,0,0
1754149013355,298,Petición 213,200,OK,Thread Group 1-37,text,true,,892,243,100,100,https://fakestoreapi.com/auth/login,298,0,0
1754149013365,290,Petición 212,200,OK,Thread Group 1-1,text,true,,888,237,100,100,https://fakestoreapi.com/auth/login,290,0,0
1754149013405,290,Petición 214,200,OK,Thread Group 1-2,text,true,,885,237,100,100,https://fakestoreapi.com/auth/login,290,0,0
1754149013407,292,Petición 219,200,OK,Thread Group 1-81,text,true,,896,243,100,100,https://fakestoreapi.com/auth/login,292,0,0
1754149013457,295,Petición 229,401,Unauthorized,Thread Group 1-79,text,false,"Test failed: code expected to equal /

****** received  : [[[401]]]

****** comparison: [[[200]]]

/",778,237,100,100,https://fakestoreapi.com/auth/login,295,0,0
1754149013558,299,Petición 220,200,OK,Thread Group 1-35,text,true,,895,237,100,100,https://fakestoreapi.com/auth/login,299,0,0
1754149013605,293,Petición 226,200,OK,Thread Group 1-83,text,true,,891,237,100,100,https://fakestoreapi.com/auth/login,293,0,0
1754149013707,296,Petición 223,401,Unauthorized,Thread Group 1-39,text,false,"Test failed: code expected to equal /

****** received  : [[[401]]]

****** comparison: [[[200]]]

/",772,237,100,100,https://fakestoreapi.com/auth/login,296,0,0
1754149013706,304,Petición 228,200,OK,Thread Group 1-84,text,true,,887,239,100,100,https://fakestoreapi.com/auth/login,304,0,0
1754149013753,288,Petición 230,200,OK,Thread Group 1-85,text,true,,892,237,100,100,https://fakestoreapi.com/auth/login,288,0,0
1754149013754,299,Petición 225,200,OK,Thread Group 1-13,text,true,,894,243,100,100,https://fakestoreapi.com/auth/login,299,0,0
1754149013756,304,Petición 240,200,OK,Thread Group 1-82,text,true,,891,239,100,100,https://fakestoreapi.com/auth/login,304,0,0
1754149013911,299,Petición 234,200,OK,Thread Group 1-86,text,true,,887,239,100,100,https://fakestoreapi.com/auth/login,299,0,0
1754149013954,295,Petición 235,401,Unauthorized,Thread Group 1-87,text,false,"Test failed: code expected to equal /

****** received  : [[[401]]]

****** comparison: [[[200]]]

/",786,237,100,100,https://fakestoreapi.com/auth/login,295,0,0
1754149014055,296,Petición 232,200,OK,Thread Group 1-17,text,true,,895,237,100,100,https://fakestoreapi.com/auth/login,296,0,0
1754149014103,294,Petición 242,200,OK,Thread Group 1-88,text,true,,892,237,100,100,https://fakestoreapi.com/auth/login,294,0,0
1754149014103,302,Petición 236,200,OK,Thread Group 1-41,text,true,,892,237,100,100,https://fakestoreapi.com/auth/login,302,0,0
1754149014155,291,Petición 243,200,OK,Thread Group 1-89,text,true,,892,243,100,100,https://fakestoreapi.com/auth/login,291,0,0
1754149014155,298,Petición 237,200,OK,Thread Group 1-14,text,true,,890,243,100,100,https://fakestoreapi.com/auth/login,298,0,0
1754149014156,299,Petición 239,200,OK,Thread Group 1-38,text,true,,887,238,100,100,https://fakestoreapi.com/auth/login,299,0,0
1754149014305,290,Petición 244,200,OK,Thread Group 1-15,text,true,,887,237,100,100,https://fakestoreapi.com/auth/login,290,0,0
1754149014303,300,Petición 250,200,OK,Thread Group 1-90,text,true,,891,237,100,100,https://fakestoreapi.com/auth/login,300,0,0
1754149014303,305,Petición 245,200,OK,Thread Group 1-42,text,true,,891,238,100,100,https://fakestoreapi.com/auth/login,305,0,0
1754149014402,289,Petición 252,200,OK,Thread Group 1-91,text,true,,889,239,100,100,https://fakestoreapi.com/auth/login,289,0,0
1754149014402,290,Petición 247,401,Unauthorized,Thread Group 1-40,text,false,"Test failed: code expected to equal /

****** received  : [[[401]]]

****** comparison: [[[200]]]

/",772,237,100,100,https://fakestoreapi.com/auth/login,290,0,0
1754149014456,287,Petición 249,200,OK,Thread Group 1-18,text,true,,890,243,100,100,https://fakestoreapi.com/auth/login,286,0,0
1754149014454,292,Petición 253,401,Unauthorized,Thread Group 1-92,text,false,"Test failed: code expected to equal /

****** received  : [[[401]]]

****** comparison: [[[200]]]

/",774,237,100,100,https://fakestoreapi.com/auth/login,292,0,0
1754149014504,293,Petición 254,200,OK,Thread Group 1-93,text,true,,890,237,100,100,https://fakestoreapi.com/auth/login,293,0,0
1754149014552,295,Petición 256,200,OK,Thread Group 1-94,text,true,,887,237,100,100,https://fakestoreapi.com/auth/login,295,0,0
1754149014602,292,Petición 257,200,OK,Thread Group 1-95,text,true,,887,238,100,100,https://fakestoreapi.com/auth/login,292,0,0
1754149014654,291,Petición 261,200,OK,Thread Group 1-96,text,true,,898,243,100,100,https://fakestoreapi.com/auth/login,291,0,0
1754149014707,300,Petición 269,200,OK,Thread Group 1-97,text,true,,891,238,100,100,https://fakestoreapi.com/auth/login,300,0,0
1754149014703,304,Petición 255,200,OK,Thread Group 1-16,text,true,,892,243,100,100,https://fakestoreapi.com/auth/login,304,0,0
1754149014753,286,Petición 258,200,OK,Thread Group 1-45,text,true,,891,239,100,100,https://fakestoreapi.com/auth/login,286,0,0
1754149014752,298,Petición 263,200,OK,Thread Group 1-98,text,true,,891,238,100,100,https://fakestoreapi.com/auth/login,298,0,0
1754149014759,303,Petición 260,401,Unauthorized,Thread Group 1-3,text,false,"Test failed: code expected to equal /

****** received  : [[[401]]]

****** comparison: [[[200]]]

/",778,237,100,100,https://fakestoreapi.com/auth/login,303,0,0
1754149014806,309,Petición 259,200,OK,Thread Group 1-43,text,true,,894,237,100,100,https://fakestoreapi.com/auth/login,309,0,0
1754149014804,311,Petición 264,200,OK,Thread Group 1-99,text,true,,893,239,100,100,https://fakestoreapi.com/auth/login,311,0,0
1754149014855,294,Petición 262,200,OK,Thread Group 1-46,text,true,,891,237,100,100,https://fakestoreapi.com/auth/login,294,0,0
1754149014855,298,Petición 267,200,OK,Thread Group 1-100,text,true,,892,243,100,100,https://fakestoreapi.com/auth/login,298,0,0
1754149014953,301,Petición 266,200,OK,Thread Group 1-44,text,true,,898,237,100,100,https://fakestoreapi.com/auth/login,301,0,0
1754149014955,301,Petición 265,401,Unauthorized,Thread Group 1-47,text,false,"Test failed: code expected to equal /

****** received  : [[[401]]]

****** comparison: [[[200]]]

/",772,237,100,100,https://fakestoreapi.com/auth/login,301,0,0
1754149015062,292,Petición 268,200,OK,Thread Group 1-4,text,true,,891,237,100,100,https://fakestoreapi.com/auth/login,292,0,0
1754149015204,294,Petición 270,200,OK,Thread Group 1-49,text,true,,891,239,100,100,https://fakestoreapi.com/auth/login,294,0,0
1754149015255,302,Petición 271,401,Unauthorized,Thread Group 1-50,text,false,"Test failed: code expected to equal /

****** received  : [[[401]]]

****** comparison: [[[200]]]

/",778,237,100,100,https://fakestoreapi.com/auth/login,302,0,0
1754149015357,296,Petición 272,200,OK,Thread Group 1-19,text,true,,888,237,100,100,https://fakestoreapi.com/auth/login,296,0,0
1754149015353,307,Petición 273,200,OK,Thread Group 1-48,text,true,,894,243,100,100,https://fakestoreapi.com/auth/login,307,0,0
1754149015407,295,Petición 274,200,OK,Thread Group 1-51,text,true,,887,237,100,100,https://fakestoreapi.com/auth/login,295,0,0
1754149015457,320,Petición 275,200,OK,Thread Group 1-52,text,true,,893,238,100,100,https://fakestoreapi.com/auth/login,320,0,0
1754149015504,304,Petición 276,200,OK,Thread Group 1-5,text,true,,895,239,100,100,https://fakestoreapi.com/auth/login,304,0,0
1754149015556,297,Petición 277,401,Unauthorized,Thread Group 1-53,text,false,"Test failed: code expected to equal /

****** received  : [[[401]]]

****** comparison: [[[200]]]

/",772,237,100,100,https://fakestoreapi.com/auth/login,297,0,0
1754149015556,300,Petición 278,200,OK,Thread Group 1-20,text,true,,890,237,100,100,https://fakestoreapi.com/auth/login,300,0,0
1754149015756,295,Petición 279,200,OK,Thread Group 1-55,text,true,,890,243,100,100,https://fakestoreapi.com/auth/login,295,0,0
1754149015756,307,Petición 280,200,OK,Thread Group 1-21,text,true,,891,237,100,100,https://fakestoreapi.com/auth/login,307,0,0
1754149015904,290,Petición 281,200,OK,Thread Group 1-6,text,true,,885,238,100,100,https://fakestoreapi.com/auth/login,290,0,0
1754149015956,294,Petición 283,401,Unauthorized,Thread Group 1-22,text,false,"Test failed: code expected to equal /

****** received  : [[[401]]]

****** comparison: [[[200]]]

/",774,237,100,100,https://fakestoreapi.com/auth/login,294,0,0
1754149015956,296,Petición 282,200,OK,Thread Group 1-54,text,true,,889,239,100,100,https://fakestoreapi.com/auth/login,296,0,0
1754149016005,301,Petición 284,200,OK,Thread Group 1-57,text,true,,896,237,100,100,https://fakestoreapi.com/auth/login,301,0,0
1754149016105,287,Petición 285,200,OK,Thread Group 1-56,text,true,,890,243,100,100,https://fakestoreapi.com/auth/login,287,0,0
1754149016155,302,Petición 286,200,OK,Thread Group 1-23,text,true,,885,237,100,100,https://fakestoreapi.com/auth/login,302,0,0
1754149016204,295,Petición 287,200,OK,Thread Group 1-24,text,true,,883,238,100,100,https://fakestoreapi.com/auth/login,295,0,0
1754149016307,295,Petición 288,200,OK,Thread Group 1-60,text,true,,891,239,100,100,https://fakestoreapi.com/auth/login,295,0,0
1754149016357,288,Petición 290,200,OK,Thread Group 1-7,text,true,,888,237,100,100,https://fakestoreapi.com/auth/login,288,0,0
1754149016355,295,Petición 289,401,Unauthorized,Thread Group 1-58,text,false,"Test failed: code expected to equal /

****** received  : [[[401]]]

****** comparison: [[[200]]]

/",772,237,100,100,https://fakestoreapi.com/auth/login,295,0,0
1754149016403,292,Petición 292,200,OK,Thread Group 1-25,text,true,,892,243,100,100,https://fakestoreapi.com/auth/login,292,0,0
1754149016403,292,Petición 293,200,OK,Thread Group 1-8,text,true,,885,238,100,100,https://fakestoreapi.com/auth/login,292,0,0
1754149016404,294,Petición 291,200,OK,Thread Group 1-59,text,true,,887,237,100,100,https://fakestoreapi.com/auth/login,294,0,0
1754149016406,295,Petición 294,200,OK,Thread Group 1-61,text,true,,891,239,100,100,https://fakestoreapi.com/auth/login,295,0,0
1754149016505,287,Petición 296,200,OK,Thread Group 1-28,text,true,,890,237,100,100,https://fakestoreapi.com/auth/login,287,0,0
1754149016505,289,Petición 295,401,Unauthorized,Thread Group 1-10,text,false,"Test failed: code expected to equal /

****** received  : [[[401]]]

****** comparison: [[[200]]]

/",778,237,100,100,https://fakestoreapi.com/auth/login,289,0,0
1754149016509,289,Petición 297,200,OK,Thread Group 1-62,text,true,,894,243,100,100,https://fakestoreapi.com/auth/login,289,0,0
1754149016607,291,Petición 299,200,OK,Thread Group 1-63,text,true,,885,238,100,100,https://fakestoreapi.com/auth/login,291,0,0
1754149016605,296,Petición 298,200,OK,Thread Group 1-26,text,true,,893,237,100,100,https://fakestoreapi.com/auth/login,296,0,0
1754149016855,285,Petición 300,200,OK,Thread Group 1-66,text,true,,899,239,100,100,https://fakestoreapi.com/auth/login,285,0,0
1754149016907,298,Petición 301,401,Unauthorized,Thread Group 1-64,text,false,"Test failed: code expected to equal /

****** received  : [[[401]]]

****** comparison: [[[200]]]

/",778,237,100,100,https://fakestoreapi.com/auth/login,298,0,0
1754149016954,297,Petición 302,200,OK,Thread Group 1-27,text,true,,890,237,100,100,https://fakestoreapi.com/auth/login,297,0,0
1754149017055,292,Petición 303,200,OK,Thread Group 1-68,text,true,,894,243,100,100,https://fakestoreapi.com/auth/login,292,0,0
1754149017059,302,Petición 304,200,OK,Thread Group 1-65,text,true,,891,237,100,100,https://fakestoreapi.com/auth/login,302,0,0
1754149017154,300,Petición 305,200,OK,Thread Group 1-69,text,true,,891,238,100,100,https://fakestoreapi.com/auth/login,300,0,0
1754149017157,301,Petición 306,200,OK,Thread Group 1-9,text,true,,901,239,100,100,https://fakestoreapi.com/auth/login,301,0,0
1754149017256,291,Petición 308,200,OK,Thread Group 1-67,text,true,,892,237,100,100,https://fakestoreapi.com/auth/login,291,0,0
1754149017258,298,Petición 307,401,Unauthorized,Thread Group 1-70,text,false,"Test failed: code expected to equal /

****** received  : [[[401]]]

****** comparison: [[[200]]]

/",772,237,100,100,https://fakestoreapi.com/auth/login,298,0,0
1754149017277,295,Petición 309,200,OK,Thread Group 1-31,text,true,,896,243,100,100,https://fakestoreapi.com/auth/login,295,0,0
1754149017356,298,Petición 310,200,OK,Thread Group 1-29,text,true,,887,237,100,100,https://fakestoreapi.com/auth/login,298,0,0
1754149017455,296,Petición 311,200,OK,Thread Group 1-30,text,true,,885,238,100,100,https://fakestoreapi.com/auth/login,296,0,0
1754149017552,297,Petición 312,200,OK,Thread Group 1-73,text,true,,891,239,100,100,https://fakestoreapi.com/auth/login,297,0,0
1754149017653,286,Petición 313,401,Unauthorized,Thread Group 1-74,text,false,"Test failed: code expected to equal /

****** received  : [[[401]]]

****** comparison: [[[200]]]

/",772,237,100,100,https://fakestoreapi.com/auth/login,286,0,0
1754149017653,298,Petición 314,200,OK,Thread Group 1-33,text,true,,892,237,100,100,https://fakestoreapi.com/auth/login,298,0,0
1754149017654,297,Petición 315,200,OK,Thread Group 1-71,text,true,,902,243,100,100,https://fakestoreapi.com/auth/login,297,0,0
1754149017706,292,Petición 316,200,OK,Thread Group 1-72,text,true,,887,237,100,100,https://fakestoreapi.com/auth/login,292,0,0
1754149017754,299,Petición 317,200,OK,Thread Group 1-34,text,true,,893,238,100,100,https://fakestoreapi.com/auth/login,299,0,0
1754149017804,299,Petición 318,200,OK,Thread Group 1-32,text,true,,893,239,100,100,https://fakestoreapi.com/auth/login,299,0,0
1754149017956,302,Petición 319,401,Unauthorized,Thread Group 1-11,text,false,"Test failed: code expected to equal /

****** received  : [[[401]]]

****** comparison: [[[200]]]

/",772,237,100,100,https://fakestoreapi.com/auth/login,302,0,0
1754149018005,290,Petición 320,200,OK,Thread Group 1-75,text,true,,888,237,100,100,https://fakestoreapi.com/auth/login,290,0,0
1754149018004,303,Petición 321,200,OK,Thread Group 1-77,text,true,,894,243,100,100,https://fakestoreapi.com/auth/login,302,0,0
1754149018108,293,Petición 323,200,OK,Thread Group 1-36,text,true,,901,238,100,100,https://fakestoreapi.com/auth/login,293,0,0
1754149018105,312,Petición 322,200,OK,Thread Group 1-78,text,true,,891,237,100,100,https://fakestoreapi.com/auth/login,312,0,0
1754149018155,309,Petición 325,401,Unauthorized,Thread Group 1-76,text,false,"Test failed: code expected to equal /

****** received  : [[[401]]]

****** comparison: [[[200]]]

/",772,237,100,100,https://fakestoreapi.com/auth/login,309,0,0
1754149018159,305,Petición 324,200,OK,Thread Group 1-12,text,true,,891,239,100,100,https://fakestoreapi.com/auth/login,305,0,0
1754149018307,299,Petición 326,200,OK,Thread Group 1-80,text,true,,890,237,100,100,https://fakestoreapi.com/auth/login,299,0,0
1754149018358,294,Petición 327,200,OK,Thread Group 1-37,text,true,,892,243,100,100,https://fakestoreapi.com/auth/login,294,0,0
1754149018365,288,Petición 328,200,OK,Thread Group 1-1,text,true,,889,237,100,100,https://fakestoreapi.com/auth/login,288,0,0
1754149018406,288,Petición 329,200,OK,Thread Group 1-2,text,true,,885,238,100,100,https://fakestoreapi.com/auth/login,288,0,0
1754149018406,294,Petición 330,200,OK,Thread Group 1-81,text,true,,895,239,100,100,https://fakestoreapi.com/auth/login,294,0,0
1754149018457,292,Petición 331,401,Unauthorized,Thread Group 1-79,text,false,"Test failed: code expected to equal /

****** received  : [[[401]]]

****** comparison: [[[200]]]

/",774,237,100,100,https://fakestoreapi.com/auth/login,292,0,0
1754149018557,301,Petición 332,200,OK,Thread Group 1-35,text,true,,888,237,100,100,https://fakestoreapi.com/auth/login,301,0,0
1754149018605,299,Petición 333,200,OK,Thread Group 1-83,text,true,,894,243,100,100,https://fakestoreapi.com/auth/login,299,0,0
1754149018708,291,Petición 334,200,OK,Thread Group 1-39,text,true,,897,237,100,100,https://fakestoreapi.com/auth/login,291,0,0
1754149018707,301,Petición 335,200,OK,Thread Group 1-84,text,true,,887,238,100,100,https://fakestoreapi.com/auth/login,301,0,0
1754149018754,295,Petición 336,200,OK,Thread Group 1-85,text,true,,891,239,100,100,https://fakestoreapi.com/auth/login,295,0,0
1754149018755,299,Petición 337,401,Unauthorized,Thread Group 1-13,text,false,"Test failed: code expected to equal /

****** received  : [[[401]]]

****** comparison: [[[200]]]

/",778,237,100,100,https://fakestoreapi.com/auth/login,299,0,0
1754149018756,300,Petición 338,200,OK,Thread Group 1-82,text,true,,892,237,100,100,https://fakestoreapi.com/auth/login,300,0,0
1754149018912,303,Petición 339,200,OK,Thread Group 1-86,text,true,,896,243,100,100,https://fakestoreapi.com/auth/login,303,0,0
1754149018954,304,Petición 340,200,OK,Thread Group 1-87,text,true,,895,237,100,100,https://fakestoreapi.com/auth/login,304,0,0
1754149019055,294,Petición 341,200,OK,Thread Group 1-17,text,true,,895,238,100,100,https://fakestoreapi.com/auth/login,294,0,0
1754149019104,295,Petición 343,401,Unauthorized,Thread Group 1-41,text,false,"Test failed: code expected to equal /

****** received  : [[[401]]]

****** comparison: [[[200]]]

/",774,237,100,100,https://fakestoreapi.com/auth/login,295,0,0
1754149019104,295,Petición 342,200,OK,Thread Group 1-88,text,true,,889,239,100,100,https://fakestoreapi.com/auth/login,295,0,0
1754149019154,289,Petición 344,200,OK,Thread Group 1-89,text,true,,890,237,100,100,https://fakestoreapi.com/auth/login,289,0,0
1754149019156,295,Petición 346,200,OK,Thread Group 1-38,text,true,,893,237,100,100,https://fakestoreapi.com/auth/login,295,0,0
1754149019154,297,Petición 345,200,OK,Thread Group 1-14,text,true,,898,243,100,100,https://fakestoreapi.com/auth/login,297,0,0
1754149019304,297,Petición 349,401,Unauthorized,Thread Group 1-42,text,false,"Test failed: code expected to equal /

****** received  : [[[401]]]

****** comparison: [[[200]]]

/",778,237,100,100,https://fakestoreapi.com/auth/login,297,0,0
1754149019306,292,Petición 347,200,OK,Thread Group 1-15,text,true,,885,238,100,100,https://fakestoreapi.com/auth/login,292,0,0
1754149019304,294,Petición 348,200,OK,Thread Group 1-90,text,true,,891,239,100,100,https://fakestoreapi.com/auth/login,294,0,0
1754149019402,294,Petición 351,200,OK,Thread Group 1-40,text,true,,900,243,100,100,https://fakestoreapi.com/auth/login,294,0,0
1754149019402,315,Petición 350,200,OK,Thread Group 1-91,text,true,,888,237,100,100,https://fakestoreapi.com/auth/login,315,0,0
1754149019455,287,Petición 353,200,OK,Thread Group 1-92,text,true,,891,238,100,100,https://fakestoreapi.com/auth/login,287,0,0
1754149019455,293,Petición 352,200,OK,Thread Group 1-18,text,true,,895,237,100,100,https://fakestoreapi.com/auth/login,293,0,0
1754149019502,293,Petición 354,200,OK,Thread Group 1-93,text,true,,897,239,100,100,https://fakestoreapi.com/auth/login,293,0,0
1754149019553,303,Petición 355,401,Unauthorized,Thread Group 1-94,text,false,"Test failed: code expected to equal /

****** received  : [[[401]]]

****** comparison: [[[200]]]

/",776,237,100,100,https://fakestoreapi.com/auth/login,303,0,0
1754149019602,298,Petición 356,200,OK,Thread Group 1-95,text,true,,890,237,100,100,https://fakestoreapi.com/auth/login,298,0,0
1754149019654,291,Petición 357,200,OK,Thread Group 1-96,text,true,,896,243,100,100,https://fakestoreapi.com/auth/login,291,0,0
1754149019706,307,Petición 358,200,OK,Thread Group 1-16,text,true,,891,237,100,100,https://fakestoreapi.com/auth/login,307,0,0
1754149019709,304,Petición 359,200,OK,Thread Group 1-97,text,true,,889,238,100,100,https://fakestoreapi.com/auth/login,304,0,0
1754149019753,293,Petición 361,401,Unauthorized,Thread Group 1-98,text,false,"Test failed: code expected to equal /

****** received  : [[[401]]]

****** comparison: [[[200]]]

/",778,237,100,100,https://fakestoreapi.com/auth/login,293,0,0
1754149019756,293,Petición 360,200,OK,Thread Group 1-45,text,true,,895,239,100,100,https://fakestoreapi.com/auth/login,293,0,0
1754149019760,306,Petición 362,200,OK,Thread Group 1-3,text,true,,894,237,100,100,https://fakestoreapi.com/auth/login,306,0,0
1754149019806,295,Petición 364,200,OK,Thread Group 1-99,text,true,,895,237,100,100,https://fakestoreapi.com/auth/login,295,0,0
1754149019806,295,Petición 363,200,OK,Thread Group 1-43,text,true,,898,243,100,100,https://fakestoreapi.com/auth/login,295,0,0
1754149019854,291,Petición 365,200,OK,Thread Group 1-46,text,true,,885,238,100,100,https://fakestoreapi.com/auth/login,290,0,0
1754149019854,298,Petición 366,200,OK,Thread Group 1-100,text,true,,895,239,100,100,https://fakestoreapi.com/auth/login,298,0,0
1754149019952,296,Petición 367,401,Unauthorized,Thread Group 1-44,text,false,"Test failed: code expected to equal /

****** received  : [[[401]]]

****** comparison: [[[200]]]

/",776,237,100,100,https://fakestoreapi.com/auth/login,296,0,0
1754149019955,297,Petición 368,200,OK,Thread Group 1-47,text,true,,888,237,100,100,https://fakestoreapi.com/auth/login,297,0,0
1754149020062,294,Petición 369,200,OK,Thread Group 1-4,text,true,,894,243,100,100,https://fakestoreapi.com/auth/login,294,0,0
1754149020206,294,Petición 370,200,OK,Thread Group 1-49,text,true,,891,237,100,100,https://fakestoreapi.com/auth/login,294,0,0
1754149020253,324,Petición 371,200,OK,Thread Group 1-50,text,true,,889,238,100,100,https://fakestoreapi.com/auth/login,324,0,0
1754149020357,296,Petición 372,200,OK,Thread Group 1-19,text,true,,891,239,100,100,https://fakestoreapi.com/auth/login,296,0,0
1754149020353,300,Petición 373,401,Unauthorized,Thread Group 1-48,text,false,"Test failed: code expected to equal /

****** received  : [[[401]]]

****** comparison: [[[200]]]

/",776,237,100,100,https://fakestoreapi.com/auth/login,300,0,0
1754149020406,291,Petición 374,200,OK,Thread Group 1-51,text,true,,900,237,100,100,https://fakestoreapi.com/auth/login,291,0,0
1754149020458,292,Petición 375,200,OK,Thread Group 1-52,text,true,,890,243,100,100,https://fakestoreapi.com/auth/login,292,0,0
1754149020504,295,Petición 376,200,OK,Thread Group 1-5,text,true,,895,237,100,100,https://fakestoreapi.com/auth/login,295,0,0
1754149020554,302,Petición 378,200,OK,Thread Group 1-20,text,true,,893,239,100,100,https://fakestoreapi.com/auth/login,302,0,0
1754149020557,299,Petición 377,200,OK,Thread Group 1-53,text,true,,885,238,100,100,https://fakestoreapi.com/auth/login,299,0,0
1754149020756,295,Petición 379,401,Unauthorized,Thread Group 1-55,text,false,"Test failed: code expected to equal /

****** received  : [[[401]]]

****** comparison: [[[200]]]

/",774,237,100,100,https://fakestoreapi.com/auth/login,295,0,0
1754149020754,305,Petición 380,200,OK,Thread Group 1-21,text,true,,890,237,100,100,https://fakestoreapi.com/auth/login,305,0,0
1754149020906,296,Petición 381,200,OK,Thread Group 1-6,text,true,,902,243,100,100,https://fakestoreapi.com/auth/login,296,0,0
1754149020955,292,Petición 383,200,OK,Thread Group 1-54,text,true,,893,238,100,100,https://fakestoreapi.com/auth/login,292,0,0
1754149020956,301,Petición 382,200,OK,Thread Group 1-22,text,true,,887,237,100,100,https://fakestoreapi.com/auth/login,301,0,0
1754149021005,301,Petición 384,200,OK,Thread Group 1-57,text,true,,889,239,100,100,https://fakestoreapi.com/auth/login,301,0,0
1754149021104,294,Petición 385,401,Unauthorized,Thread Group 1-56,text,false,"Test failed: code expected to equal /

****** received  : [[[401]]]

****** comparison: [[[200]]]

/",772,237,100,100,https://fakestoreapi.com/auth/login,294,0,0
1754149021156,308,Petición 386,200,OK,Thread Group 1-23,text,true,,898,237,100,100,https://fakestoreapi.com/auth/login,308,0,0
1754149021203,291,Petición 387,200,OK,Thread Group 1-24,text,true,,892,243,100,100,https://fakestoreapi.com/auth/login,291,0,0
1754149021308,308,Petición 388,200,OK,Thread Group 1-60,text,true,,891,237,100,100,https://fakestoreapi.com/auth/login,308,0,0
1754149021355,298,Petición 390,200,OK,Thread Group 1-58,text,true,,891,239,100,100,https://fakestoreapi.com/auth/login,298,0,0
1754149021357,297,Petición 389,200,OK,Thread Group 1-7,text,true,,885,238,100,100,https://fakestoreapi.com/auth/login,297,0,0
1754149021405,290,Petición 392,200,OK,Thread Group 1-8,text,true,,890,237,100,100,https://fakestoreapi.com/auth/login,290,0,0
1754149021405,292,Petición 391,401,Unauthorized,Thread Group 1-25,text,false,"Test failed: code expected to equal /

****** received  : [[[401]]]

****** comparison: [[[200]]]

/",774,237,100,100,https://fakestoreapi.com/auth/login,292,0,0
1754149021405,293,Petición 393,200,OK,Thread Group 1-59,text,true,,896,243,100,100,https://fakestoreapi.com/auth/login,293,0,0
1754149021408,302,Petición 394,200,OK,Thread Group 1-61,text,true,,885,237,100,100,https://fakestoreapi.com/auth/login,302,0,0
1754149021505,291,Petición 395,200,OK,Thread Group 1-28,text,true,,891,238,100,100,https://fakestoreapi.com/auth/login,291,0,0
1754149021509,290,Petición 397,401,Unauthorized,Thread Group 1-62,text,false,"Test failed: code expected to equal /

****** received  : [[[401]]]

****** comparison: [[[200]]]

/",778,237,100,100,https://fakestoreapi.com/auth/login,290,0,0
1754149021505,297,Petición 396,200,OK,Thread Group 1-10,text,true,,889,239,100,100,https://fakestoreapi.com/auth/login,297,0,0
1754149021605,292,Petición 399,200,OK,Thread Group 1-26,text,true,,892,243,100,100,https://fakestoreapi.com/auth/login,292,0,0
1754149021608,295,Petición 398,200,OK,Thread Group 1-63,text,true,,904,237,100,100,https://fakestoreapi.com/auth/login,295,0,0
1754149021856,287,Petición 400,200,OK,Thread Group 1-66,text,true,,895,237,100,100,https://fakestoreapi.com/auth/login,287,0,0
1754149021909,298,Petición 401,200,OK,Thread Group 1-64,text,true,,889,238,100,100,https://fakestoreapi.com/auth/login,298,0,0
1754149021954,300,Petición 402,200,OK,Thread Group 1-27,text,true,,895,239,100,100,https://fakestoreapi.com/auth/login,300,0,0
1754149022055,292,Petición 403,401,Unauthorized,Thread Group 1-68,text,false,"Test failed: code expected to equal /

****** received  : [[[401]]]

****** comparison: [[[200]]]

/",778,237,100,100,https://fakestoreapi.com/auth/login,292,0,0
1754149022058,293,Petición 404,200,OK,Thread Group 1-65,text,true,,894,237,100,100,https://fakestoreapi.com/auth/login,293,0,0
1754149022152,301,Petición 405,200,OK,Thread Group 1-69,text,true,,894,243,100,100,https://fakestoreapi.com/auth/login,301,0,0
1754149022157,302,Petición 406,200,OK,Thread Group 1-9,text,true,,883,237,100,100,https://fakestoreapi.com/auth/login,302,0,0
1754149022255,294,Petición 407,200,OK,Thread Group 1-67,text,true,,893,238,100,100,https://fakestoreapi.com/auth/login,294,0,0
1754149022257,294,Petición 408,200,OK,Thread Group 1-70,text,true,,891,239,100,100,https://fakestoreapi.com/auth/login,294,0,0
1754149022278,288,Petición 409,401,Unauthorized,Thread Group 1-31,text,false,"Test failed: code expected to equal /

****** received  : [[[401]]]

****** comparison: [[[200]]]

/",782,237,100,100,https://fakestoreapi.com/auth/login,287,0,0
1754149022354,301,Petición 410,200,OK,Thread Group 1-29,text,true,,884,237,100,100,https://fakestoreapi.com/auth/login,301,0,0
1754149022454,289,Petición 411,200,OK,Thread Group 1-30,text,true,,896,243,100,100,https://fakestoreapi.com/auth/login,289,0,0
1754149022552,286,Petición 412,200,OK,Thread Group 1-73,text,true,,893,237,100,100,https://fakestoreapi.com/auth/login,286,0,0
1754149022654,293,Petición 415,401,Unauthorized,Thread Group 1-71,text,false,"Test failed: code expected to equal /

****** received  : [[[401]]]

****** comparison: [[[200]]]

/",778,237,100,100,https://fakestoreapi.com/auth/login,293,0,0
1754149022654,293,Petición 413,200,OK,Thread Group 1-74,text,true,,893,238,100,100,https://fakestoreapi.com/auth/login,293,0,0
1754149022651,306,Petición 414,200,OK,Thread Group 1-33,text,true,,893,239,100,100,https://fakestoreapi.com/auth/login,306,0,0
1754149022706,293,Petición 416,200,OK,Thread Group 1-72,text,true,,886,237,100,100,https://fakestoreapi.com/auth/login,293,0,0
1754149022754,303,Petición 417,200,OK,Thread Group 1-34,text,true,,894,243,100,100,https://fakestoreapi.com/auth/login,303,0,0
1754149022803,291,Petición 418,200,OK,Thread Group 1-32,text,true,,885,237,100,100,https://fakestoreapi.com/auth/login,291,0,0
1754149022954,306,Petición 419,200,OK,Thread Group 1-11,text,true,,887,238,100,100,https://fakestoreapi.com/auth/login,306,0,0
1754149023004,290,Petición 420,200,OK,Thread Group 1-75,text,true,,889,239,100,100,https://fakestoreapi.com/auth/login,290,0,0
1754149023004,301,Petición 421,401,Unauthorized,Thread Group 1-77,text,false,"Test failed: code expected to equal /

****** received  : [[[401]]]

****** comparison: [[[200]]]

/",770,237,100,100,https://fakestoreapi.com/auth/login,301,0,0
1754149023109,295,Petición 422,200,OK,Thread Group 1-36,text,true,,888,237,100,100,https://fakestoreapi.com/auth/login,295,0,0
1754149023106,301,Petición 423,200,OK,Thread Group 1-78,text,true,,898,243,100,100,https://fakestoreapi.com/auth/login,301,0,0
1754149023157,289,Petición 425,200,OK,Thread Group 1-12,text,true,,891,238,100,100,https://fakestoreapi.com/auth/login,289,0,0
1754149023154,295,Petición 424,200,OK,Thread Group 1-76,text,true,,891,237,100,100,https://fakestoreapi.com/auth/login,295,0,0
1754149023308,299,Petición 426,200,OK,Thread Group 1-80,text,true,,891,239,100,100,https://fakestoreapi.com/auth/login,299,0,0
1754149023355,295,Petición 427,401,Unauthorized,Thread Group 1-37,text,false,"Test failed: code expected to equal /

****** received  : [[[401]]]

****** comparison: [[[200]]]

/",776,237,100,100,https://fakestoreapi.com/auth/login,295,0,0
1754149023364,290,Petición 428,200,OK,Thread Group 1-1,text,true,,888,237,100,100,https://fakestoreapi.com/auth/login,290,0,0
1754149023406,290,Petición 429,200,OK,Thread Group 1-2,text,true,,896,243,100,100,https://fakestoreapi.com/auth/login,290,0,0
1754149023408,290,Petición 430,200,OK,Thread Group 1-81,text,true,,887,237,100,100,https://fakestoreapi.com/auth/login,290,0,0
1754149023457,292,Petición 431,200,OK,Thread Group 1-79,text,true,,885,238,100,100,https://fakestoreapi.com/auth/login,292,0,0
1754149023555,301,Petición 432,200,OK,Thread Group 1-35,text,true,,895,239,100,100,https://fakestoreapi.com/auth/login,301,0,0
1754149023604,298,Petición 433,401,Unauthorized,Thread Group 1-83,text,false,"Test failed: code expected to equal /

****** received  : [[[401]]]

****** comparison: [[[200]]]

/",776,237,100,100,https://fakestoreapi.com/auth/login,298,0,0
1754149023707,298,Petición 434,200,OK,Thread Group 1-39,text,true,,888,237,100,100,https://fakestoreapi.com/auth/login,298,0,0
1754149023703,306,Petición 435,200,OK,Thread Group 1-84,text,true,,894,243,100,100,https://fakestoreapi.com/auth/login,306,0,0
1754149023755,294,Petición 436,200,OK,Thread Group 1-85,text,true,,891,237,100,100,https://fakestoreapi.com/auth/login,294,0,0
1754149023756,298,Petición 437,200,OK,Thread Group 1-13,text,true,,891,238,100,100,https://fakestoreapi.com/auth/login,298,0,0
1754149023755,300,Petición 438,200,OK,Thread Group 1-82,text,true,,893,239,100,100,https://fakestoreapi.com/auth/login,300,0,0
1754149023910,304,Petición 439,401,Unauthorized,Thread Group 1-86,text,false,"Test failed: code expected to equal /

****** received  : [[[401]]]

****** comparison: [[[200]]]

/",778,237,100,100,https://fakestoreapi.com/auth/login,304,0,0
1754149023955,295,Petición 440,200,OK,Thread Group 1-87,text,true,,890,237,100,100,https://fakestoreapi.com/auth/login,295,0,0
1754149024055,303,Petición 441,200,OK,Thread Group 1-17,text,true,,891,243,100,100,https://fakestoreapi.com/auth/login,303,0,0
1754149024103,293,Petición 443,200,OK,Thread Group 1-88,text,true,,887,237,100,100,https://fakestoreapi.com/auth/login,293,0,0
1754149024103,302,Petición 442,200,OK,Thread Group 1-41,text,true,,887,238,100,100,https://fakestoreapi.com/auth/login,302,0,0
1754149024154,288,Petición 444,200,OK,Thread Group 1-89,text,true,,891,239,100,100,https://fakestoreapi.com/auth/login,288,0,0
1754149024154,296,Petición 445,200,OK,Thread Group 1-14,text,true,,888,237,100,100,https://fakestoreapi.com/auth/login,296,0,0
1754149024156,294,Petición 446,401,Unauthorized,Thread Group 1-38,text,false,"Test failed: code expected to equal /

****** received  : [[[401]]]

****** comparison: [[[200]]]

/",772,237,100,100,https://fakestoreapi.com/auth/login,294,0,0
1754149024304,294,Petición 448,200,OK,Thread Group 1-15,text,true,,887,237,100,100,https://fakestoreapi.com/auth/login,294,0,0
1754149024302,297,Petición 449,200,OK,Thread Group 1-90,text,true,,885,238,100,100,https://fakestoreapi.com/auth/login,297,0,0
1754149024304,295,Petición 447,200,OK,Thread Group 1-42,text,true,,890,243,100,100,https://fakestoreapi.com/auth/login,295,0,0
1754149024405,285,Petición 450,200,OK,Thread Group 1-40,text,true,,893,239,100,100,https://fakestoreapi.com/auth/login,285,0,0
1754149024403,290,Petición 451,401,Unauthorized,Thread Group 1-91,text,false,"Test failed: code expected to equal /

****** received  : [[[401]]]

****** comparison: [[[200]]]

/",778,237,100,100,https://fakestoreapi.com/auth/login,290,0,0
1754149024456,285,Petición 453,200,OK,Thread Group 1-18,text,true,,898,243,100,100,https://fakestoreapi.com/auth/login,285,0,0
1754149024454,293,Petición 452,200,OK,Thread Group 1-92,text,true,,904,237,100,100,https://fakestoreapi.com/auth/login,293,0,0
1754149024505,297,Petición 454,200,OK,Thread Group 1-93,text,true,,893,237,100,100,https://fakestoreapi.com/auth/login,297,0,0
1754149024554,302,Petición 455,200,OK,Thread Group 1-94,text,true,,885,238,100,100,https://fakestoreapi.com/auth/login,302,0,0
1754149024604,291,Petición 456,200,OK,Thread Group 1-95,text,true,,899,239,100,100,https://fakestoreapi.com/auth/login,291,0,0
1754149024654,288,Petición 457,401,Unauthorized,Thread Group 1-96,text,false,"Test failed: code expected to equal /

****** received  : [[[401]]]

****** comparison: [[[200]]]

/",778,237,100,100,https://fakestoreapi.com/auth/login,288,0,0
1754149024708,298,Petición 458,200,OK,Thread Group 1-97,text,true,,892,243,100,100,https://fakestoreapi.com/auth/login,298,0,0
1754149024705,306,Petición 459,200,OK,Thread Group 1-16,text,true,,884,237,100,100,https://fakestoreapi.com/auth/login,306,0,0
1754149024755,288,Petición 460,200,OK,Thread Group 1-98,text,true,,887,237,100,100,https://fakestoreapi.com/auth/login,288,0,0
1754149024753,294,Petición 461,200,OK,Thread Group 1-45,text,true,,893,238,100,100,https://fakestoreapi.com/auth/login,294,0,0
1754149024759,308,Petición 462,200,OK,Thread Group 1-3,text,true,,897,239,100,100,https://fakestoreapi.com/auth/login,308,0,0
1754149024803,293,Petición 464,200,OK,Thread Group 1-99,text,true,,886,237,100,100,https://fakestoreapi.com/auth/login,293,0,0
1754149024807,311,Petición 463,401,Unauthorized,Thread Group 1-43,text,false,"Test failed: code expected to equal /

****** received  : [[[401]]]

****** comparison: [[[200]]]

/",778,237,100,100,https://fakestoreapi.com/auth/login,311,0,0
1754149024855,306,Petición 466,200,OK,Thread Group 1-100,text,true,,891,237,100,100,https://fakestoreapi.com/auth/login,306,0,0
1754149024855,306,Petición 465,200,OK,Thread Group 1-46,text,true,,896,243,100,100,https://fakestoreapi.com/auth/login,306,0,0
1754149024952,306,Petición 467,200,OK,Thread Group 1-44,text,true,,883,238,100,100,https://fakestoreapi.com/auth/login,306,0,0
1754149024955,304,Petición 468,200,OK,Thread Group 1-47,text,true,,895,239,100,100,https://fakestoreapi.com/auth/login,304,0,0
1754149025062,295,Petición 469,401,Unauthorized,Thread Group 1-4,text,false,"Test failed: code expected to equal /

****** received  : [[[401]]]

****** comparison: [[[200]]]

/",782,237,100,100,https://fakestoreapi.com/auth/login,295,0,0
1754149025204,295,Petición 470,200,OK,Thread Group 1-49,text,true,,896,237,100,100,https://fakestoreapi.com/auth/login,295,0,0
1754149025254,301,Petición 471,200,OK,Thread Group 1-50,text,true,,892,243,100,100,https://fakestoreapi.com/auth/login,301,0,0
1754149025356,296,Petición 472,200,OK,Thread Group 1-19,text,true,,889,237,100,100,https://fakestoreapi.com/auth/login,296,0,0
1754149025352,303,Petición 473,200,OK,Thread Group 1-48,text,true,,887,238,100,100,https://fakestoreapi.com/auth/login,303,0,0
1754149025406,299,Petición 474,200,OK,Thread Group 1-51,text,true,,891,239,100,100,https://fakestoreapi.com/auth/login,299,0,0
1754149025456,288,Petición 475,401,Unauthorized,Thread Group 1-52,text,false,"Test failed: code expected to equal /

****** received  : [[[401]]]

****** comparison: [[[200]]]

/",776,237,100,100,https://fakestoreapi.com/auth/login,288,0,0
1754149025506,313,Petición 476,200,OK,Thread Group 1-5,text,true,,888,237,100,100,https://fakestoreapi.com/auth/login,313,0,0
1754149025557,291,Petición 477,200,OK,Thread Group 1-53,text,true,,887,237,100,100,https://fakestoreapi.com/auth/login,291,0,0
1754149025555,298,Petición 478,200,OK,Thread Group 1-20,text,true,,896,243,100,100,https://fakestoreapi.com/auth/login,298,0,0
1754149025756,289,Petición 479,200,OK,Thread Group 1-55,text,true,,885,238,100,100,https://fakestoreapi.com/auth/login,289,0,0
1754149025755,307,Petición 480,200,OK,Thread Group 1-21,text,true,,895,239,100,100,https://fakestoreapi.com/auth/login,307,0,0
1754149025906,299,Petición 481,401,Unauthorized,Thread Group 1-6,text,false,"Test failed: code expected to equal /

****** received  : [[[401]]]

****** comparison: [[[200]]]

/",778,237,100,100,https://fakestoreapi.com/auth/login,299,0,0
1754149025955,297,Petición 482,200,OK,Thread Group 1-54,text,true,,890,237,100,100,https://fakestoreapi.com/auth/login,297,0,0
1754149025955,297,Petición 483,200,OK,Thread Group 1-22,text,true,,896,243,100,100,https://fakestoreapi.com/auth/login,297,0,0
1754149026004,305,Petición 484,200,OK,Thread Group 1-57,text,true,,885,237,100,100,https://fakestoreapi.com/auth/login,305,0,0
1754149026105,294,Petición 485,200,OK,Thread Group 1-56,text,true,,883,238,100,100,https://fakestoreapi.com/auth/login,294,0,0
1754149026155,315,Petición 486,200,OK,Thread Group 1-23,text,true,,904,239,100,100,https://fakestoreapi.com/auth/login,315,0,0
1754149026205,304,Petición 487,401,Unauthorized,Thread Group 1-24,text,false,"Test failed: code expected to equal /

****** received  : [[[401]]]

****** comparison: [[[200]]]

/",772,237,100,100,https://fakestoreapi.com/auth/login,304,0,0
1754149026309,312,Petición 488,200,OK,Thread Group 1-60,text,true,,894,237,100,100,https://fakestoreapi.com/auth/login,312,0,0
1754149026356,284,Petición 490,200,OK,Thread Group 1-7,text,true,,887,237,100,100,https://fakestoreapi.com/auth/login,284,0,0
1754149026355,291,Petición 489,200,OK,Thread Group 1-58,text,true,,890,243,100,100,https://fakestoreapi.com/auth/login,291,0,0
1754149026404,285,Petición 493,401,Unauthorized,Thread Group 1-59,text,false,"Test failed: code expected to equal /

****** received  : [[[401]]]

****** comparison: [[[200]]]

/",776,237,100,100,https://fakestoreapi.com/auth/login,285,0,0
1754149026403,289,Petición 492,200,OK,Thread Group 1-25,text,true,,891,239,100,100,https://fakestoreapi.com/auth/login,289,0,0
1754149026403,294,Petición 491,200,OK,Thread Group 1-8,text,true,,887,238,100,100,https://fakestoreapi.com/auth/login,294,0,0
1754149026409,304,Petición 494,200,OK,Thread Group 1-61,text,true,,888,237,100,100,https://fakestoreapi.com/auth/login,304,0,0
1754149026504,289,Petición 497,200,OK,Thread Group 1-10,text,true,,885,238,100,100,https://fakestoreapi.com/auth/login,289,0,0
1754149026506,294,Petición 495,200,OK,Thread Group 1-28,text,true,,898,243,100,100,https://fakestoreapi.com/auth/login,294,0,0
1754149026508,295,Petición 496,200,OK,Thread Group 1-62,text,true,,883,237,100,100,https://fakestoreapi.com/auth/login,295,0,0
1754149026605,293,Petición 498,200,OK,Thread Group 1-26,text,true,,893,239,100,100,https://fakestoreapi.com/auth/login,293,0,0
1754149026608,307,Petición 499,401,Unauthorized,Thread Group 1-63,text,false,"Test failed: code expected to equal /

****** received  : [[[401]]]

****** comparison: [[[200]]]

/",778,237,100,100,https://fakestoreapi.com/auth/login,307,0,0
1754149026854,291,Petición 500,200,OK,Thread Group 1-66,text,true,,888,237,100,100,https://fakestoreapi.com/auth/login,291,0,0
1754149026906,297,Petición 501,200,OK,Thread Group 1-64,text,true,,894,243,100,100,https://fakestoreapi.com/auth/login,297,0,0
1754149026953,303,Petición 502,200,OK,Thread Group 1-27,text,true,,893,237,100,100,https://fakestoreapi.com/auth/login,303,0,0
1754149027055,296,Petición 503,200,OK,Thread Group 1-68,text,true,,887,238,100,100,https://fakestoreapi.com/auth/login,296,0,0
1754149027056,306,Petición 504,200,OK,Thread Group 1-65,text,true,,889,239,100,100,https://fakestoreapi.com/auth/login,306,0,0
1754149027152,304,Petición 505,401,Unauthorized,Thread Group 1-69,text,false,"Test failed: code expected to equal /

****** received  : [[[401]]]

****** comparison: [[[200]]]

/",774,237,100,100,https://fakestoreapi.com/auth/login,304,0,0
1754149027157,299,Petición 506,200,OK,Thread Group 1-9,text,true,,888,237,100,100,https://fakestoreapi.com/auth/login,299,0,0
1754149027255,296,Petición 508,200,OK,Thread Group 1-70,text,true,,885,237,100,100,https://fakestoreapi.com/auth/login,296,0,0
1754149027255,296,Petición 507,200,OK,Thread Group 1-67,text,true,,896,243,100,100,https://fakestoreapi.com/auth/login,296,0,0
1754149027280,295,Petición 509,200,OK,Thread Group 1-31,text,true,,889,238,100,100,https://fakestoreapi.com/auth/login,295,0,0
1754149027354,298,Petición 510,200,OK,Thread Group 1-29,text,true,,893,239,100,100,https://fakestoreapi.com/auth/login,298,0,0
1754149027455,291,Petición 511,401,Unauthorized,Thread Group 1-30,text,false,"Test failed: code expected to equal /

****** received  : [[[401]]]

****** comparison: [[[200]]]

/",780,237,100,100,https://fakestoreapi.com/auth/login,291,0,0
1754149027552,298,Petición 512,200,OK,Thread Group 1-73,text,true,,886,237,100,100,https://fakestoreapi.com/auth/login,298,0,0
1754149027652,290,Petición 513,200,OK,Thread Group 1-74,text,true,,894,243,100,100,https://fakestoreapi.com/auth/login,290,0,0
1754149027653,299,Petición 514,200,OK,Thread Group 1-71,text,true,,891,237,100,100,https://fakestoreapi.com/auth/login,299,0,0
1754149027654,302,Petición 515,200,OK,Thread Group 1-33,text,true,,893,238,100,100,https://fakestoreapi.com/auth/login,302,0,0
1754149027706,290,Petición 516,200,OK,Thread Group 1-72,text,true,,895,239,100,100,https://fakestoreapi.com/auth/login,290,0,0
1754149027753,304,Petición 517,401,Unauthorized,Thread Group 1-34,text,false,"Test failed: code expected to equal /

****** received  : [[[401]]]

****** comparison: [[[200]]]

/",772,237,100,100,https://fakestoreapi.com/auth/login,303,0,0
1754149027803,295,Petición 518,200,OK,Thread Group 1-32,text,true,,890,237,100,100,https://fakestoreapi.com/auth/login,295,0,0
1754149027955,300,Petición 519,200,OK,Thread Group 1-11,text,true,,894,243,100,100,https://fakestoreapi.com/auth/login,300,0,0
1754149028004,292,Petición 520,200,OK,Thread Group 1-75,text,true,,889,237,100,100,https://fakestoreapi.com/auth/login,292,0,0
1754149028004,299,Petición 521,200,OK,Thread Group 1-77,text,true,,889,238,100,100,https://fakestoreapi.com/auth/login,299,0,0
1754149028110,298,Petición 522,200,OK,Thread Group 1-36,text,true,,889,239,100,100,https://fakestoreapi.com/auth/login,298,0,0
1754149028104,304,Petición 523,401,Unauthorized,Thread Group 1-78,text,false,"Test failed: code expected to equal /

****** received  : [[[401]]]

****** comparison: [[[200]]]

/",784,237,100,100,https://fakestoreapi.com/auth/login,304,0,0
1754149028153,296,Petición 525,200,OK,Thread Group 1-76,text,true,,894,243,100,100,https://fakestoreapi.com/auth/login,296,0,0
1754149028157,299,Petición 524,200,OK,Thread Group 1-12,text,true,,890,237,100,100,https://fakestoreapi.com/auth/login,299,0,0
1754149028307,294,Petición 526,200,OK,Thread Group 1-80,text,true,,889,237,100,100,https://fakestoreapi.com/auth/login,294,0,0
1754149028364,290,Petición 528,200,OK,Thread Group 1-1,text,true,,897,239,100,100,https://fakestoreapi.com/auth/login,290,0,0
1754149028354,301,Petición 527,200,OK,Thread Group 1-37,text,true,,889,238,100,100,https://fakestoreapi.com/auth/login,301,0,0
1754149028407,290,Petición 529,401,Unauthorized,Thread Group 1-2,text,false,"Test failed: code expected to equal /

****** received  : [[[401]]]

****** comparison: [[[200]]]

/",776,237,100,100,https://fakestoreapi.com/auth/login,290,0,0
1754149028406,296,Petición 530,200,OK,Thread Group 1-81,text,true,,886,237,100,100,https://fakestoreapi.com/auth/login,296,0,0
1754149028456,291,Petición 531,200,OK,Thread Group 1-79,text,true,,890,243,100,100,https://fakestoreapi.com/auth/login,291,0,0
1754149028556,302,Petición 532,200,OK,Thread Group 1-35,text,true,,885,237,100,100,https://fakestoreapi.com/auth/login,302,0,0
1754149028605,296,Petición 533,200,OK,Thread Group 1-83,text,true,,895,238,100,100,https://fakestoreapi.com/auth/login,296,0,0
1754149028709,287,Petición 534,200,OK,Thread Group 1-39,text,true,,901,239,100,100,https://fakestoreapi.com/auth/login,287,0,0
1754149028703,303,Petición 535,401,Unauthorized,Thread Group 1-84,text,false,"Test failed: code expected to equal /

****** received  : [[[401]]]

****** comparison: [[[200]]]

/",780,237,100,100,https://fakestoreapi.com/auth/login,303,0,0
1754149028755,296,Petición 536,200,OK,Thread Group 1-85,text,true,,890,237,100,100,https://fakestoreapi.com/auth/login,296,0,0
1754149028755,302,Petición 538,200,OK,Thread Group 1-82,text,true,,887,237,100,100,https://fakestoreapi.com/auth/login,302,0,0
1754149028755,303,Petición 537,200,OK,Thread Group 1-13,text,true,,896,243,100,100,https://fakestoreapi.com/auth/login,303,0,0
1754149028911,294,Petición 539,200,OK,Thread Group 1-86,text,true,,883,238,100,100,https://fakestoreapi.com/auth/login,294,0,0
1754149028955,297,Petición 540,200,OK,Thread Group 1-87,text,true,,891,239,100,100,https://fakestoreapi.com/auth/login,297,0,0
1754149029055,289,Petición 541,401,Unauthorized,Thread Group 1-17,text,false,"Test failed: code expected to equal /

****** received  : [[[401]]]

****** comparison: [[[200]]]

/",774,237,100,100,https://fakestoreapi.com/auth/login,289,0,0
1754149029103,294,Petición 542,200,OK,Thread Group 1-88,text,true,,888,237,100,100,https://fakestoreapi.com/auth/login,294,0,0
1754149029103,298,Petición 543,200,OK,Thread Group 1-41,text,true,,892,243,100,100,https://fakestoreapi.com/auth/login,298,0,0
1754149029153,294,Petición 544,200,OK,Thread Group 1-89,text,true,,887,237,100,100,https://fakestoreapi.com/auth/login,294,0,0
1754149029155,292,Petición 545,200,OK,Thread Group 1-38,text,true,,889,238,100,100,https://fakestoreapi.com/auth/login,292,0,0
1754149029155,300,Petición 546,200,OK,Thread Group 1-14,text,true,,891,239,100,100,https://fakestoreapi.com/auth/login,300,0,0
1754149029304,292,Petición 549,200,OK,Thread Group 1-42,text,true,,898,243,100,100,https://fakestoreapi.com/auth/login,292,0,0
1754149029304,292,Petición 547,401,Unauthorized,Thread Group 1-15,text,false,"Test failed: code expected to equal /

****** received  : [[[401]]]

****** comparison: [[[200]]]

/",784,237,100,100,https://fakestoreapi.com/auth/login,292,0,0
1754149029303,312,Petición 548,200,OK,Thread Group 1-90,text,true,,890,237,100,100,https://fakestoreapi.com/auth/login,312,0,0
1754149029403,296,Petición 551,200,OK,Thread Group 1-91,text,true,,891,238,100,100,https://fakestoreapi.com/auth/login,296,0,0
1754149029403,296,Petición 550,200,OK,Thread Group 1-40,text,true,,887,237,100,100,https://fakestoreapi.com/auth/login,296,0,0
1754149029455,290,Petición 553,401,Unauthorized,Thread Group 1-92,text,false,"Test failed: code expected to equal /

****** received  : [[[401]]]

****** comparison: [[[200]]]

/",772,237,100,100,https://fakestoreapi.com/auth/login,290,0,0
1754149029456,293,Petición 552,200,OK,Thread Group 1-18,text,true,,891,239,100,100,https://fakestoreapi.com/auth/login,293,0,0
1754149029502,295,Petición 554,200,OK,Thread Group 1-93,text,true,,884,237,100,100,https://fakestoreapi.com/auth/login,295,0,0
1754149029553,297,Petición 555,200,OK,Thread Group 1-94,text,true,,894,243,100,100,https://fakestoreapi.com/auth/login,297,0,0
1754149029603,293,Petición 556,200,OK,Thread Group 1-95,text,true,,893,237,100,100,https://fakestoreapi.com/auth/login,293,0,0
1754149029653,304,Petición 557,200,OK,Thread Group 1-96,text,true,,889,238,100,100,https://fakestoreapi.com/auth/login,304,0,0
1754149029703,302,Petición 559,401,Unauthorized,Thread Group 1-16,text,false,"Test failed: code expected to equal /

****** received  : [[[401]]]

****** comparison: [[[200]]]

/",772,237,100,100,https://fakestoreapi.com/auth/login,302,0,0
1754149029707,305,Petición 558,200,OK,Thread Group 1-97,text,true,,889,239,100,100,https://fakestoreapi.com/auth/login,305,0,0
1754149029753,289,Petición 560,200,OK,Thread Group 1-98,text,true,,888,237,100,100,https://fakestoreapi.com/auth/login,289,0,0
1754149029755,290,Petición 561,200,OK,Thread Group 1-45,text,true,,894,243,100,100,https://fakestoreapi.com/auth/login,290,0,0
1754149029760,319,Petición 562,200,OK,Thread Group 1-3,text,true,,895,237,100,100,https://fakestoreapi.com/auth/login,319,0,0
1754149029804,283,Petición 563,200,OK,Thread Group 1-99,text,true,,885,238,100,100,https://fakestoreapi.com/auth/login,283,0,0
1754149029806,289,Petición 564,200,OK,Thread Group 1-43,text,true,,893,239,100,100,https://fakestoreapi.com/auth/login,289,0,0
1754149029855,293,Petición 566,200,OK,Thread Group 1-46,text,true,,888,237,100,100,https://fakestoreapi.com/auth/login,293,0,0
1754149029856,331,Petición 565,401,Unauthorized,Thread Group 1-100,text,false,"Test failed: code expected to equal /

****** received  : [[[401]]]

****** comparison: [[[200]]]

/",774,237,100,100,https://fakestoreapi.com/auth/login,331,0,0
1754149029954,303,Petición 567,200,OK,Thread Group 1-44,text,true,,890,243,100,100,https://fakestoreapi.com/auth/login,303,0,0
1754149029954,303,Petición 568,200,OK,Thread Group 1-47,text,true,,891,237,100,100,https://fakestoreapi.com/auth/login,303,0,0
1754149030062,291,Petición 569,200,OK,Thread Group 1-4,text,true,,891,238,100,100,https://fakestoreapi.com/auth/login,291,0,0
1754149030205,300,Petición 570,200,OK,Thread Group 1-49,text,true,,891,239,99,99,https://fakestoreapi.com/auth/login,300,0,0
1754149030253,310,Petición 571,401,Unauthorized,Thread Group 1-50,text,false,"Test failed: code expected to equal /

****** received  : [[[401]]]

****** comparison: [[[200]]]

/",774,237,98,98,https://fakestoreapi.com/auth/login,310,0,0
1754149030357,295,Petición 572,200,OK,Thread Group 1-19,text,true,,890,237,97,97,https://fakestoreapi.com/auth/login,294,0,0
1754149030354,303,Petición 573,200,OK,Thread Group 1-48,text,true,,898,243,96,96,https://fakestoreapi.com/auth/login,303,0,0
1754149030405,295,Petición 574,200,OK,Thread Group 1-51,text,true,,893,237,95,95,https://fakestoreapi.com/auth/login,295,0,0
1754149030456,292,Petición 575,200,OK,Thread Group 1-52,text,true,,887,238,94,94,https://fakestoreapi.com/auth/login,292,0,0
1754149030505,291,Petición 576,200,OK,Thread Group 1-5,text,true,,895,239,93,93,https://fakestoreapi.com/auth/login,291,0,0
1754149030555,295,Petición 578,200,OK,Thread Group 1-20,text,true,,892,237,92,92,https://fakestoreapi.com/auth/login,295,0,0
1754149030558,292,Petición 577,401,Unauthorized,Thread Group 1-53,text,false,"Test failed: code expected to equal /

****** received  : [[[401]]]

****** comparison: [[[200]]]

/",774,237,92,92,https://fakestoreapi.com/auth/login,292,0,0
1754149030756,324,Petición 580,200,OK,Thread Group 1-21,text,true,,891,237,90,90,https://fakestoreapi.com/auth/login,324,0,0
1754149030756,324,Petición 579,200,OK,Thread Group 1-55,text,true,,896,243,90,90,https://fakestoreapi.com/auth/login,324,0,0
1754149030905,295,Petición 581,200,OK,Thread Group 1-6,text,true,,883,238,88,88,https://fakestoreapi.com/auth/login,294,0,0
1754149030955,297,Petición 583,401,Unauthorized,Thread Group 1-22,text,false,"Test failed: code expected to equal /

****** received  : [[[401]]]

****** comparison: [[[200]]]

/",784,237,87,87,https://fakestoreapi.com/auth/login,297,0,0
1754149030954,298,Petición 582,200,OK,Thread Group 1-54,text,true,,889,239,87,87,https://fakestoreapi.com/auth/login,298,0,0
1754149031003,299,Petición 584,200,OK,Thread Group 1-57,text,true,,898,237,85,85,https://fakestoreapi.com/auth/login,299,0,0
1754149031107,288,Petición 585,200,OK,Thread Group 1-56,text,true,,890,243,84,84,https://fakestoreapi.com/auth/login,288,0,0
1754149031156,302,Petición 586,200,OK,Thread Group 1-23,text,true,,897,237,83,83,https://fakestoreapi.com/auth/login,302,0,0
1754149031204,293,Petición 587,200,OK,Thread Group 1-24,text,true,,891,238,82,82,https://fakestoreapi.com/auth/login,293,0,0
1754149031309,297,Petición 588,200,OK,Thread Group 1-60,text,true,,895,239,81,81,https://fakestoreapi.com/auth/login,297,0,0
1754149031357,291,Petición 589,401,Unauthorized,Thread Group 1-7,text,false,"Test failed: code expected to equal /

****** received  : [[[401]]]

****** comparison: [[[200]]]

/",778,237,80,80,https://fakestoreapi.com/auth/login,291,0,0
1754149031354,296,Petición 590,200,OK,Thread Group 1-58,text,true,,896,237,80,80,https://fakestoreapi.com/auth/login,296,0,0
1754149031403,291,Petición 593,200,OK,Thread Group 1-8,text,true,,891,238,78,78,https://fakestoreapi.com/auth/login,291,0,0
1754149031403,293,Petición 592,200,OK,Thread Group 1-25,text,true,,889,237,77,77,https://fakestoreapi.com/auth/login,293,0,0
1754149031406,293,Petición 591,200,OK,Thread Group 1-59,text,true,,892,243,76,76,https://fakestoreapi.com/auth/login,293,0,0
1754149031406,300,Petición 594,200,OK,Thread Group 1-61,text,true,,895,239,75,75,https://fakestoreapi.com/auth/login,300,0,0
1754149031503,294,Petición 595,401,Unauthorized,Thread Group 1-10,text,false,"Test failed: code expected to equal /

****** received  : [[[401]]]

****** comparison: [[[200]]]

/",772,237,74,74,https://fakestoreapi.com/auth/login,294,0,0
1754149031506,291,Petición 596,200,OK,Thread Group 1-28,text,true,,896,237,74,74,https://fakestoreapi.com/auth/login,291,0,0
1754149031507,290,Petición 597,200,OK,Thread Group 1-62,text,true,,892,243,74,74,https://fakestoreapi.com/auth/login,290,0,0
1754149031605,292,Petición 598,200,OK,Thread Group 1-26,text,true,,889,237,71,71,https://fakestoreapi.com/auth/login,292,0,0
1754149031606,294,Petición 599,200,OK,Thread Group 1-63,text,true,,887,238,70,70,https://fakestoreapi.com/auth/login,294,0,0
1754149031855,290,Petición 600,200,OK,Thread Group 1-66,text,true,,891,239,70,70,https://fakestoreapi.com/auth/login,290,0,0
1754149031909,292,Petición 601,401,Unauthorized,Thread Group 1-64,text,false,"Test failed: code expected to equal /

****** received  : [[[401]]]

****** comparison: [[[200]]]

/",776,237,69,69,https://fakestoreapi.com/auth/login,292,0,0
1754149031953,302,Petición 602,200,OK,Thread Group 1-27,text,true,,888,237,68,68,https://fakestoreapi.com/auth/login,302,0,0
1754149032055,288,Petición 603,200,OK,Thread Group 1-68,text,true,,894,243,67,67,https://fakestoreapi.com/auth/login,288,0,0
1754149032057,304,Petición 604,200,OK,Thread Group 1-65,text,true,,889,237,66,66,https://fakestoreapi.com/auth/login,304,0,0
1754149032157,301,Petición 605,200,OK,Thread Group 1-9,text,true,,893,238,65,65,https://fakestoreapi.com/auth/login,301,0,0
1754149032151,307,Petición 606,200,OK,Thread Group 1-69,text,true,,901,239,65,65,https://fakestoreapi.com/auth/login,307,0,0
1754149032257,302,Petición 608,200,OK,Thread Group 1-67,text,true,,888,237,63,63,https://fakestoreapi.com/auth/login,302,0,0
1754149032257,302,Petición 607,401,Unauthorized,Thread Group 1-70,text,false,"Test failed: code expected to equal /

****** received  : [[[401]]]

****** comparison: [[[200]]]

/",780,237,63,63,https://fakestoreapi.com/auth/login,302,0,0
1754149032278,296,Petición 609,200,OK,Thread Group 1-31,text,true,,892,243,61,61,https://fakestoreapi.com/auth/login,296,0,0
1754149032357,301,Petición 610,200,OK,Thread Group 1-29,text,true,,887,237,60,60,https://fakestoreapi.com/auth/login,301,0,0
1754149032456,297,Petición 611,200,OK,Thread Group 1-30,text,true,,895,238,59,59,https://fakestoreapi.com/auth/login,297,0,0
1754149032552,294,Petición 612,200,OK,Thread Group 1-73,text,true,,893,239,58,58,https://fakestoreapi.com/auth/login,294,0,0
1754149032653,286,Petición 613,401,Unauthorized,Thread Group 1-74,text,false,"Test failed: code expected to equal /

****** received  : [[[401]]]

****** comparison: [[[200]]]

/",770,237,57,57,https://fakestoreapi.com/auth/login,286,0,0
1754149032654,290,Petición 614,200,OK,Thread Group 1-71,text,true,,890,237,56,56,https://fakestoreapi.com/auth/login,290,0,0
1754149032652,306,Petición 615,200,OK,Thread Group 1-33,text,true,,890,243,55,55,https://fakestoreapi.com/auth/login,306,0,0
1754149032705,300,Petición 616,200,OK,Thread Group 1-72,text,true,,891,237,54,54,https://fakestoreapi.com/auth/login,300,0,0
1754149032754,300,Petición 617,200,OK,Thread Group 1-34,text,true,,891,238,53,53,https://fakestoreapi.com/auth/login,300,0,0
1754149032804,297,Petición 618,200,OK,Thread Group 1-32,text,true,,895,239,52,52,https://fakestoreapi.com/auth/login,297,0,0
1754149032954,302,Petición 619,401,Unauthorized,Thread Group 1-11,text,false,"Test failed: code expected to equal /

****** received  : [[[401]]]

****** comparison: [[[200]]]

/",778,237,51,51,https://fakestoreapi.com/auth/login,302,0,0
1754149033004,290,Petición 620,200,OK,Thread Group 1-75,text,true,,892,237,50,50,https://fakestoreapi.com/auth/login,290,0,0
1754149033005,298,Petición 621,200,OK,Thread Group 1-77,text,true,,894,243,49,49,https://fakestoreapi.com/auth/login,298,0,0
1754149033103,297,Petición 623,200,OK,Thread Group 1-78,text,true,,887,238,48,48,https://fakestoreapi.com/auth/login,297,0,0
1754149033107,296,Petición 622,200,OK,Thread Group 1-36,text,true,,891,237,47,47,https://fakestoreapi.com/auth/login,296,0,0
1754149033158,289,Petición 625,401,Unauthorized,Thread Group 1-12,text,false,"Test failed: code expected to equal /

****** received  : [[[401]]]

****** comparison: [[[200]]]

/",774,237,46,46,https://fakestoreapi.com/auth/login,289,0,0
1754149033154,296,Petición 624,200,OK,Thread Group 1-76,text,true,,891,239,45,45,https://fakestoreapi.com/auth/login,296,0,0
1754149033309,296,Petición 626,200,OK,Thread Group 1-80,text,true,,890,237,44,44,https://fakestoreapi.com/auth/login,296,0,0
1754149033356,295,Petición 628,200,OK,Thread Group 1-37,text,true,,885,237,43,43,https://fakestoreapi.com/auth/login,295,0,0
1754149033366,296,Petición 627,200,OK,Thread Group 1-1,text,true,,892,243,42,42,https://fakestoreapi.com/auth/login,296,0,0
1754149033406,286,Petición 629,200,OK,Thread Group 1-2,text,true,,897,238,41,41,https://fakestoreapi.com/auth/login,286,0,0
1754149033407,296,Petición 630,200,OK,Thread Group 1-81,text,true,,893,239,40,40,https://fakestoreapi.com/auth/login,296,0,0
1754149033459,295,Petición 631,401,Unauthorized,Thread Group 1-79,text,false,"Test failed: code expected to equal /

****** received  : [[[401]]]

****** comparison: [[[200]]]

/",770,237,39,39,https://fakestoreapi.com/auth/login,295,0,0
1754149033557,301,Petición 632,200,OK,Thread Group 1-35,text,true,,886,237,38,38,https://fakestoreapi.com/auth/login,301,0,0
1754149033605,302,Petición 633,200,OK,Thread Group 1-83,text,true,,894,243,37,37,https://fakestoreapi.com/auth/login,302,0,0
1754149033709,287,Petición 634,200,OK,Thread Group 1-39,text,true,,889,237,36,36,https://fakestoreapi.com/auth/login,287,0,0
1754149033704,305,Petición 635,200,OK,Thread Group 1-84,text,true,,889,238,35,35,https://fakestoreapi.com/auth/login,304,0,0
1754149033754,298,Petición 636,200,OK,Thread Group 1-85,text,true,,891,239,34,34,https://fakestoreapi.com/auth/login,297,0,0
1754149033755,303,Petición 638,200,OK,Thread Group 1-13,text,true,,890,237,33,33,https://fakestoreapi.com/auth/login,303,0,0
1754149033754,308,Petición 637,401,Unauthorized,Thread Group 1-82,text,false,"Test failed: code expected to equal /

****** received  : [[[401]]]

****** comparison: [[[200]]]

/",774,237,32,32,https://fakestoreapi.com/auth/login,308,0,0
1754149033914,300,Petición 639,200,OK,Thread Group 1-86,text,true,,898,243,31,31,https://fakestoreapi.com/auth/login,300,0,0
1754149033955,295,Petición 640,200,OK,Thread Group 1-87,text,true,,887,237,30,30,https://fakestoreapi.com/auth/login,295,0,0
1754149034058,298,Petición 641,200,OK,Thread Group 1-17,text,true,,887,238,29,29,https://fakestoreapi.com/auth/login,298,0,0
1754149034104,295,Petición 642,200,OK,Thread Group 1-88,text,true,,891,239,28,28,https://fakestoreapi.com/auth/login,295,0,0
1754149034103,296,Petición 643,401,Unauthorized,Thread Group 1-41,text,false,"Test failed: code expected to equal /

****** received  : [[[401]]]

****** comparison: [[[200]]]

/",776,237,28,28,https://fakestoreapi.com/auth/login,296,0,0
1754149034155,294,Petición 645,200,OK,Thread Group 1-89,text,true,,898,243,26,26,https://fakestoreapi.com/auth/login,294,0,0
1754149034155,308,Petición 646,200,OK,Thread Group 1-14,text,true,,891,237,25,25,https://fakestoreapi.com/auth/login,308,0,0
1754149034157,306,Petición 644,200,OK,Thread Group 1-38,text,true,,892,237,25,25,https://fakestoreapi.com/auth/login,306,0,0
1754149034304,289,Petición 648,200,OK,Thread Group 1-15,text,true,,893,238,23,23,https://fakestoreapi.com/auth/login,289,0,0
1754149034304,297,Petición 647,200,OK,Thread Group 1-42,text,true,,899,239,22,22,https://fakestoreapi.com/auth/login,297,0,0
1754149034303,298,Petición 649,401,Unauthorized,Thread Group 1-90,text,false,"Test failed: code expected to equal /

****** received  : [[[401]]]

****** comparison: [[[200]]]

/",778,237,22,22,https://fakestoreapi.com/auth/login,298,0,0
1754149034402,288,Petición 651,200,OK,Thread Group 1-91,text,true,,890,243,20,20,https://fakestoreapi.com/auth/login,288,0,0
1754149034403,290,Petición 650,200,OK,Thread Group 1-40,text,true,,888,237,19,19,https://fakestoreapi.com/auth/login,290,0,0
1754149034456,284,Petición 653,200,OK,Thread Group 1-18,text,true,,887,238,18,18,https://fakestoreapi.com/auth/login,284,0,0
1754149034454,291,Petición 652,200,OK,Thread Group 1-92,text,true,,887,237,17,17,https://fakestoreapi.com/auth/login,291,0,0
1754149034501,295,Petición 654,200,OK,Thread Group 1-93,text,true,,893,239,16,16,https://fakestoreapi.com/auth/login,295,0,0
1754149034553,300,Petición 655,401,Unauthorized,Thread Group 1-94,text,false,"Test failed: code expected to equal /

****** received  : [[[401]]]

****** comparison: [[[200]]]

/",778,237,15,15,https://fakestoreapi.com/auth/login,300,0,0
1754149034602,295,Petición 656,200,OK,Thread Group 1-95,text,true,,892,237,14,14,https://fakestoreapi.com/auth/login,295,0,0
1754149034654,289,Petición 657,200,OK,Thread Group 1-96,text,true,,896,243,13,13,https://fakestoreapi.com/auth/login,289,0,0
1754149034704,295,Petición 658,200,OK,Thread Group 1-16,text,true,,889,237,12,12,https://fakestoreapi.com/auth/login,295,0,0
1754149034708,302,Petición 659,200,OK,Thread Group 1-97,text,true,,885,238,11,11,https://fakestoreapi.com/auth/login,302,0,0
1754149034755,290,Petición 661,401,Unauthorized,Thread Group 1-45,text,false,"Test failed: code expected to equal /

****** received  : [[[401]]]

****** comparison: [[[200]]]

/",778,237,10,10,https://fakestoreapi.com/auth/login,290,0,0
1754149034754,296,Petición 660,200,OK,Thread Group 1-98,text,true,,891,239,10,10,https://fakestoreapi.com/auth/login,296,0,0
1754149034760,299,Petición 662,200,OK,Thread Group 1-3,text,true,,892,237,8,8,https://fakestoreapi.com/auth/login,299,0,0
1754149034804,287,Petición 663,200,OK,Thread Group 1-99,text,true,,892,243,7,7,https://fakestoreapi.com/auth/login,287,0,0
1754149034810,296,Petición 664,200,OK,Thread Group 1-43,text,true,,889,237,7,7,https://fakestoreapi.com/auth/login,296,0,0
1754149034855,293,Petición 665,200,OK,Thread Group 1-46,text,true,,887,238,6,6,https://fakestoreapi.com/auth/login,293,0,0
1754149034858,304,Petición 666,200,OK,Thread Group 1-100,text,true,,895,239,5,5,https://fakestoreapi.com/auth/login,304,0,0
1754149034954,299,Petición 667,401,Unauthorized,Thread Group 1-47,text,false,"Test failed: code expected to equal /

****** received  : [[[401]]]

****** comparison: [[[200]]]

/",774,237,5,5,https://fakestoreapi.com/auth/login,299,0,0
1754149034954,307,Petición 668,200,OK,Thread Group 1-44,text,true,,888,237,4,4,https://fakestoreapi.com/auth/login,307,0,0
1754149035106,310,Petición 729,200,OK,Thread Group 1-63,text,true,,898,243,3,3,https://fakestoreapi.com/auth/login,310,0,0
1754149035154,289,Petición 851,200,OK,Thread Group 1-99,text,true,,889,238,2,2,https://fakestoreapi.com/auth/login,289,0,0
1754149035163,296,Petición 854,200,OK,Thread Group 1-100,text,true,,898,237,1,1,https://fakestoreapi.com/auth/login,296,0,0
